[2020-04-05 14:57:02] main.DEBUG: cache_invalidate:  {"method":"GET","url":"http:/","invalidateInfo":{"identifier":"interception"}} []
[2020-04-05 14:57:07] main.DEBUG: cache_invalidate:  {"method":"GET","url":"http:/","invalidateInfo":{"identifier":"LOCKED_RECORD_INFO_SYSTEM_CONFIG"}} []
[2020-04-05 14:57:07] main.INFO: 0 cron jobs were cleaned [] []
[2020-04-05 14:57:07] main.INFO: 68 cron jobs were cleaned [] []
[2020-04-05 14:57:07] main.INFO: Cron Job catalog_product_outdated_price_values_cleanup is run [] []
[2020-04-05 14:57:07] main.INFO: Cron Job catalog_product_outdated_price_values_cleanup is successfully finished. Statistics: {"sum":0.00050711631774902,"count":1,"realmem":0,"emalloc":704,"realmem_start":84934656,"emalloc_start":79263728} [] []
[2020-04-05 14:57:07] main.INFO: Cron Job catalog_product_frontend_actions_flush is run [] []
[2020-04-05 14:57:07] main.INFO: Cron Job catalog_product_frontend_actions_flush is successfully finished. Statistics: {"sum":0.00063395500183105,"count":1,"realmem":0,"emalloc":1128,"realmem_start":84934656,"emalloc_start":79292176} [] []
[2020-04-05 14:57:07] main.INFO: Cron Job sales_grid_order_async_insert is run [] []
[2020-04-05 14:57:07] main.INFO: Cron Job sales_grid_order_async_insert is successfully finished. Statistics: {"sum":0.00042390823364258,"count":1,"realmem":0,"emalloc":752,"realmem_start":84934656,"emalloc_start":79346208} [] []
[2020-04-05 14:57:07] main.INFO: Cron Job sales_grid_order_invoice_async_insert is run [] []
[2020-04-05 14:57:07] main.INFO: Cron Job sales_grid_order_invoice_async_insert is successfully finished. Statistics: {"sum":0.00043487548828125,"count":1,"realmem":0,"emalloc":752,"realmem_start":84934656,"emalloc_start":79349720} [] []
[2020-04-05 14:57:07] main.INFO: Cron Job sales_grid_order_shipment_async_insert is run [] []
[2020-04-05 14:57:07] main.INFO: Cron Job sales_grid_order_shipment_async_insert is successfully finished. Statistics: {"sum":0.00051188468933105,"count":1,"realmem":0,"emalloc":752,"realmem_start":84934656,"emalloc_start":79352592} [] []
[2020-04-05 14:57:07] main.INFO: Cron Job sales_grid_order_creditmemo_async_insert is run [] []
[2020-04-05 14:57:07] main.INFO: Cron Job sales_grid_order_creditmemo_async_insert is successfully finished. Statistics: {"sum":0.00046420097351074,"count":1,"realmem":0,"emalloc":752,"realmem_start":84934656,"emalloc_start":79355464} [] []
[2020-04-05 14:57:07] main.INFO: Cron Job sales_send_order_emails is run [] []
[2020-04-05 14:57:07] main.INFO: Cron Job sales_send_order_emails is successfully finished. Statistics: {"sum":0.00049805641174316,"count":1,"realmem":0,"emalloc":66368,"realmem_start":84934656,"emalloc_start":82184240} [] []
[2020-04-05 14:57:07] main.INFO: Cron Job sales_send_order_invoice_emails is run [] []
[2020-04-05 14:57:07] main.INFO: Cron Job sales_send_order_invoice_emails is successfully finished. Statistics: {"sum":0.00063109397888184,"count":1,"realmem":0,"emalloc":752,"realmem_start":87031808,"emalloc_start":82620648} [] []
[2020-04-05 14:57:07] main.INFO: Cron Job sales_send_order_shipment_emails is run [] []
[2020-04-05 14:57:07] main.INFO: Cron Job sales_send_order_shipment_emails is successfully finished. Statistics: {"sum":0.00052785873413086,"count":1,"realmem":0,"emalloc":752,"realmem_start":87031808,"emalloc_start":82883976} [] []
[2020-04-05 14:57:07] main.INFO: Cron Job sales_send_order_creditmemo_emails is run [] []
[2020-04-05 14:57:07] main.INFO: Cron Job sales_send_order_creditmemo_emails is successfully finished. Statistics: {"sum":0.00048208236694336,"count":1,"realmem":0,"emalloc":752,"realmem_start":87031808,"emalloc_start":83201032} [] []
[2020-04-05 14:57:07] main.INFO: Cron Job outdated_authentication_failures_cleanup is run [] []
[2020-04-05 14:57:07] main.INFO: Cron Job outdated_authentication_failures_cleanup is successfully finished. Statistics: {"sum":0.00070095062255859,"count":1,"realmem":0,"emalloc":1128,"realmem_start":87031808,"emalloc_start":83225312} [] []
[2020-04-05 14:57:07] main.INFO: Cron Job bulk_cleanup is run [] []
[2020-04-05 14:57:07] main.INFO: Cron Job bulk_cleanup is successfully finished. Statistics: {"sum":0.00078606605529785,"count":1,"realmem":0,"emalloc":5424,"realmem_start":87031808,"emalloc_start":83240400} [] []
[2020-04-05 14:57:08] main.INFO: 2 cron jobs were cleaned [] []
[2020-04-05 14:57:08] main.INFO: 17 cron jobs were cleaned [] []
[2020-04-05 14:57:08] main.INFO: Cron Job indexer_reindex_all_invalid is run [] []
[2020-04-05 14:57:08] main.INFO: 8 cron jobs were cleaned [] []
[2020-04-05 14:57:08] main.INFO: 5 cron jobs were cleaned [] []
[2020-04-05 14:57:08] main.INFO: Cron Job indexer_reindex_all_invalid is successfully finished. Statistics: {"sum":0.042287111282349,"count":1,"realmem":0,"emalloc":538200,"realmem_start":50855936,"emalloc_start":46525704} [] []
[2020-04-05 14:57:08] main.INFO: Cron Job yotpo_yotpo_orders_sync is run [] []
[2020-04-05 14:57:08] main.INFO: Cron Job indexer_update_all_views is run [] []
[2020-04-05 14:57:08] main.INFO: Cron Job yotpo_yotpo_orders_sync is successfully finished. Statistics: {"sum":0.063750028610229,"count":1,"realmem":2097152,"emalloc":450224,"realmem_start":50855936,"emalloc_start":46986512} [] []
[2020-04-05 14:57:08] main.INFO: Cron Job indexer_update_all_views is successfully finished. Statistics: {"sum":0.17569994926453,"count":1,"realmem":8388608,"emalloc":9439600,"realmem_start":50855936,"emalloc_start":47092496} [] []
[2020-04-05 14:57:09] main.INFO: Cron Job consumers_runner is run [] []
[2020-04-05 14:57:09] main.INFO: Consumer "async.operations.all" skipped as required connection "amqp" is not configured. Unknown connection name amqp [] []
[2020-04-05 14:57:09] main.INFO: Cron Job consumers_runner is successfully finished. Statistics: {"sum":0.0026009082794189,"count":1,"realmem":0,"emalloc":1360,"realmem_start":59244544,"emalloc_start":57181936} [] []
[2020-04-05 14:58:02] main.INFO: Cron Job catalog_product_outdated_price_values_cleanup is run [] []
[2020-04-05 14:58:02] main.INFO: Cron Job catalog_product_outdated_price_values_cleanup is successfully finished. Statistics: {"sum":0.00085115432739258,"count":1,"realmem":0,"emalloc":85576,"realmem_start":50855936,"emalloc_start":46896776} [] []
[2020-04-05 14:58:02] main.INFO: Cron Job catalog_product_frontend_actions_flush is run [] []
[2020-04-05 14:58:02] main.INFO: Cron Job catalog_product_frontend_actions_flush is successfully finished. Statistics: {"sum":0.00097107887268066,"count":1,"realmem":0,"emalloc":1128,"realmem_start":50855936,"emalloc_start":47014432} [] []
[2020-04-05 14:58:02] main.INFO: Cron Job sales_grid_order_async_insert is run [] []
[2020-04-05 14:58:02] main.INFO: Cron Job sales_grid_order_async_insert is successfully finished. Statistics: {"sum":0.00047516822814941,"count":1,"realmem":0,"emalloc":752,"realmem_start":50855936,"emalloc_start":47290688} [] []
[2020-04-05 14:58:02] main.INFO: Cron Job sales_grid_order_invoice_async_insert is run [] []
[2020-04-05 14:58:02] main.INFO: Cron Job sales_grid_order_invoice_async_insert is successfully finished. Statistics: {"sum":0.00049591064453125,"count":1,"realmem":0,"emalloc":752,"realmem_start":50855936,"emalloc_start":47294200} [] []
[2020-04-05 14:58:02] main.INFO: Cron Job sales_grid_order_shipment_async_insert is run [] []
[2020-04-05 14:58:02] main.INFO: Cron Job sales_grid_order_shipment_async_insert is successfully finished. Statistics: {"sum":0.00066709518432617,"count":1,"realmem":0,"emalloc":752,"realmem_start":50855936,"emalloc_start":47297072} [] []
[2020-04-05 14:58:02] main.INFO: Cron Job sales_grid_order_creditmemo_async_insert is run [] []
[2020-04-05 14:58:02] main.INFO: Cron Job sales_grid_order_creditmemo_async_insert is successfully finished. Statistics: {"sum":0.00044417381286621,"count":1,"realmem":0,"emalloc":752,"realmem_start":50855936,"emalloc_start":47299944} [] []
[2020-04-05 14:58:02] main.INFO: Cron Job sales_send_order_emails is run [] []
[2020-04-05 14:58:02] main.INFO: Cron Job sales_send_order_emails is successfully finished. Statistics: {"sum":0.00048518180847168,"count":1,"realmem":0,"emalloc":720,"realmem_start":52953088,"emalloc_start":50438960} [] []
[2020-04-05 14:58:02] main.INFO: Cron Job sales_send_order_invoice_emails is run [] []
[2020-04-05 14:58:02] main.INFO: Cron Job sales_send_order_invoice_emails is successfully finished. Statistics: {"sum":0.00046586990356445,"count":1,"realmem":0,"emalloc":752,"realmem_start":52953088,"emalloc_start":50800616} [] []
[2020-04-05 14:58:02] main.INFO: Cron Job sales_send_order_shipment_emails is run [] []
[2020-04-05 14:58:02] main.INFO: Cron Job sales_send_order_shipment_emails is successfully finished. Statistics: {"sum":0.00052118301391602,"count":1,"realmem":0,"emalloc":752,"realmem_start":52953088,"emalloc_start":51145832} [] []
[2020-04-05 14:58:02] main.INFO: Cron Job sales_send_order_creditmemo_emails is run [] []
[2020-04-05 14:58:02] main.INFO: Cron Job sales_send_order_creditmemo_emails is successfully finished. Statistics: {"sum":0.00047588348388672,"count":1,"realmem":0,"emalloc":752,"realmem_start":55050240,"emalloc_start":51494528} [] []
[2020-04-05 14:58:02] main.INFO: Cron Job outdated_authentication_failures_cleanup is run [] []
[2020-04-05 14:58:02] main.INFO: Cron Job outdated_authentication_failures_cleanup is successfully finished. Statistics: {"sum":0.0006871223449707,"count":1,"realmem":0,"emalloc":1128,"realmem_start":55050240,"emalloc_start":51539360} [] []
[2020-04-05 14:58:02] main.INFO: Cron Job bulk_cleanup is run [] []
[2020-04-05 14:58:02] main.INFO: Cron Job bulk_cleanup is successfully finished. Statistics: {"sum":0.00074505805969238,"count":1,"realmem":0,"emalloc":5424,"realmem_start":55050240,"emalloc_start":51554448} [] []
[2020-04-05 14:58:03] main.INFO: Cron Job magento_newrelicreporting_cron is run [] []
[2020-04-05 14:58:03] main.INFO: Cron Job magento_newrelicreporting_cron is successfully finished. Statistics: {"sum":0.00048208236694336,"count":1,"realmem":0,"emalloc":672,"realmem_start":55050240,"emalloc_start":53288544} [] []
[2020-04-05 14:58:04] main.INFO: Cron Job consumers_runner is run [] []
[2020-04-05 14:58:04] main.INFO: Consumer "async.operations.all" skipped as required connection "amqp" is not configured. Unknown connection name amqp [] []
[2020-04-05 14:58:04] main.INFO: Cron Job consumers_runner is successfully finished. Statistics: {"sum":0.0033290386199951,"count":1,"realmem":0,"emalloc":20640,"realmem_start":50855936,"emalloc_start":47008800} [] []
[2020-04-05 14:58:04] main.INFO: Cron Job indexer_reindex_all_invalid is run [] []
[2020-04-05 14:58:04] main.INFO: Cron Job indexer_reindex_all_invalid is successfully finished. Statistics: {"sum":0.008836030960083,"count":1,"realmem":0,"emalloc":555536,"realmem_start":50855936,"emalloc_start":46503944} [] []
[2020-04-05 14:58:04] main.INFO: Cron Job indexer_update_all_views is run [] []
[2020-04-05 14:58:04] main.INFO: Cron Job yotpo_yotpo_orders_sync is run [] []
[2020-04-05 14:58:04] main.INFO: Cron Job yotpo_yotpo_orders_sync is successfully finished. Statistics: {"sum":0.0039241313934326,"count":1,"realmem":0,"emalloc":321872,"realmem_start":50855936,"emalloc_start":46965880} [] []
[2020-04-05 14:58:04] main.INFO: Cron Job indexer_update_all_views is successfully finished. Statistics: {"sum":0.11583995819092,"count":1,"realmem":8388608,"emalloc":9341832,"realmem_start":50855936,"emalloc_start":47062520} [] []
[2020-04-05 14:59:02] main.INFO: Cron Job catalog_product_outdated_price_values_cleanup is run [] []
[2020-04-05 14:59:02] main.INFO: Cron Job catalog_product_outdated_price_values_cleanup is successfully finished. Statistics: {"sum":0.0013251304626465,"count":1,"realmem":0,"emalloc":85576,"realmem_start":50855936,"emalloc_start":46882128} [] []
[2020-04-05 14:59:02] main.INFO: Cron Job catalog_product_frontend_actions_flush is run [] []
[2020-04-05 14:59:02] main.INFO: Cron Job catalog_product_frontend_actions_flush is successfully finished. Statistics: {"sum":0.0010180473327637,"count":1,"realmem":0,"emalloc":1128,"realmem_start":50855936,"emalloc_start":46999784} [] []
[2020-04-05 14:59:02] main.INFO: Cron Job sales_grid_order_async_insert is run [] []
[2020-04-05 14:59:02] main.INFO: Cron Job sales_grid_order_async_insert is successfully finished. Statistics: {"sum":0.0005650520324707,"count":1,"realmem":0,"emalloc":752,"realmem_start":50855936,"emalloc_start":47276040} [] []
[2020-04-05 14:59:02] main.INFO: Cron Job sales_grid_order_invoice_async_insert is run [] []
[2020-04-05 14:59:02] main.INFO: Cron Job sales_grid_order_invoice_async_insert is successfully finished. Statistics: {"sum":0.00052905082702637,"count":1,"realmem":0,"emalloc":752,"realmem_start":50855936,"emalloc_start":47279552} [] []
[2020-04-05 14:59:02] main.INFO: Cron Job sales_grid_order_shipment_async_insert is run [] []
[2020-04-05 14:59:02] main.INFO: Cron Job sales_grid_order_shipment_async_insert is successfully finished. Statistics: {"sum":0.00053095817565918,"count":1,"realmem":0,"emalloc":752,"realmem_start":50855936,"emalloc_start":47282424} [] []
[2020-04-05 14:59:02] main.INFO: Cron Job sales_grid_order_creditmemo_async_insert is run [] []
[2020-04-05 14:59:02] main.INFO: Cron Job sales_grid_order_creditmemo_async_insert is successfully finished. Statistics: {"sum":0.0005490779876709,"count":1,"realmem":0,"emalloc":752,"realmem_start":50855936,"emalloc_start":47285296} [] []
[2020-04-05 14:59:02] main.INFO: Cron Job sales_send_order_emails is run [] []
[2020-04-05 14:59:02] main.INFO: Cron Job sales_send_order_emails is successfully finished. Statistics: {"sum":0.00055408477783203,"count":1,"realmem":0,"emalloc":720,"realmem_start":52953088,"emalloc_start":50424312} [] []
[2020-04-05 14:59:02] main.INFO: Cron Job sales_send_order_invoice_emails is run [] []
[2020-04-05 14:59:02] main.INFO: Cron Job sales_send_order_invoice_emails is successfully finished. Statistics: {"sum":0.00054502487182617,"count":1,"realmem":0,"emalloc":752,"realmem_start":52953088,"emalloc_start":50785968} [] []
[2020-04-05 14:59:02] main.INFO: Cron Job sales_send_order_shipment_emails is run [] []
[2020-04-05 14:59:02] main.INFO: Cron Job sales_send_order_shipment_emails is successfully finished. Statistics: {"sum":0.00066804885864258,"count":1,"realmem":0,"emalloc":752,"realmem_start":52953088,"emalloc_start":51131184} [] []
[2020-04-05 14:59:02] main.INFO: Cron Job sales_send_order_creditmemo_emails is run [] []
[2020-04-05 14:59:02] main.INFO: Cron Job sales_send_order_creditmemo_emails is successfully finished. Statistics: {"sum":0.00053501129150391,"count":1,"realmem":0,"emalloc":752,"realmem_start":55050240,"emalloc_start":51479880} [] []
[2020-04-05 14:59:02] main.INFO: Cron Job outdated_authentication_failures_cleanup is run [] []
[2020-04-05 14:59:02] main.INFO: Cron Job outdated_authentication_failures_cleanup is successfully finished. Statistics: {"sum":0.0010190010070801,"count":1,"realmem":0,"emalloc":1128,"realmem_start":55050240,"emalloc_start":51524712} [] []
[2020-04-05 14:59:02] main.INFO: Cron Job bulk_cleanup is run [] []
[2020-04-05 14:59:02] main.INFO: Cron Job bulk_cleanup is successfully finished. Statistics: {"sum":0.0010769367218018,"count":1,"realmem":0,"emalloc":5424,"realmem_start":55050240,"emalloc_start":51539800} [] []
[2020-04-05 14:59:03] main.INFO: Cron Job consumers_runner is run [] []
[2020-04-05 14:59:03] main.INFO: Consumer "async.operations.all" skipped as required connection "amqp" is not configured. Unknown connection name amqp [] []
[2020-04-05 14:59:03] main.INFO: Cron Job consumers_runner is successfully finished. Statistics: {"sum":0.0018579959869385,"count":1,"realmem":0,"emalloc":20640,"realmem_start":50855936,"emalloc_start":47007688} [] []
[2020-04-05 14:59:03] main.INFO: Cron Job yotpo_yotpo_orders_sync is run [] []
[2020-04-05 14:59:03] main.INFO: Cron Job yotpo_yotpo_orders_sync is successfully finished. Statistics: {"sum":0.0046150684356689,"count":1,"realmem":2097152,"emalloc":321872,"realmem_start":50855936,"emalloc_start":46967176} [] []
[2020-04-05 14:59:03] main.INFO: Cron Job indexer_reindex_all_invalid is run [] []
[2020-04-05 14:59:03] main.INFO: Cron Job indexer_reindex_all_invalid is successfully finished. Statistics: {"sum":0.0095610618591309,"count":1,"realmem":0,"emalloc":555536,"realmem_start":50855936,"emalloc_start":46506368} [] []
[2020-04-05 14:59:03] main.INFO: Cron Job indexer_update_all_views is run [] []
[2020-04-05 14:59:03] main.INFO: Cron Job indexer_update_all_views is successfully finished. Statistics: {"sum":0.09778904914856,"count":1,"realmem":8388608,"emalloc":9342152,"realmem_start":50855936,"emalloc_start":47064944} [] []
[2020-04-05 14:59:54] main.DEBUG: cache_invalidate:  {"method":"GET","url":"https://thenext.bearrunrun.com/","invalidateInfo":{"identifier":"LOCKED_RECORD_INFO_BLOCK_fa29b7dbaa3f85be393abd6a03effbf9fc76e9d2"}} []
[2020-04-05 14:59:55] main.ERROR: variable @mobile-cart-padding is undefined in file /home/thenext/domains/thenext.bearrunrun.com/public_html/var/view_preprocessed/pub/static/frontend/Smartwave/porto/en_US/css/source/_extends.less in _extends.less on line 755, column 57
753| .abs-toggling-title {
754|     @abs-toggling-title();
755|     .lib-css(padding, @indent__s @indent__xl @indent__s @mobile-cart-padding);
756|     .lib-icon-font(
757|         @icon-down,
758|         @_icon-font-size: 12px, [] []
[2020-04-05 14:59:55] main.CRITICAL: variable @mobile-cart-padding is undefined in file /home/thenext/domains/thenext.bearrunrun.com/public_html/var/view_preprocessed/pub/static/frontend/Smartwave/porto/en_US/css/source/_extends.less in _extends.less on line 755, column 57
753| .abs-toggling-title {
754|     @abs-toggling-title();
755|     .lib-css(padding, @indent__s @indent__xl @indent__s @mobile-cart-padding);
756|     .lib-icon-font(
757|         @icon-down,
758|         @_icon-font-size: 12px, [] []
[2020-04-05 14:59:56] main.ERROR: variable @mobile-cart-padding is undefined in file /home/thenext/domains/thenext.bearrunrun.com/public_html/var/view_preprocessed/pub/static/frontend/Smartwave/porto/en_US/css/source/_extends.less in _extends.less on line 755, column 57
753| .abs-toggling-title {
754|     @abs-toggling-title();
755|     .lib-css(padding, @indent__s @indent__xl @indent__s @mobile-cart-padding);
756|     .lib-icon-font(
757|         @icon-down,
758|         @_icon-font-size: 12px, [] []
[2020-04-05 14:59:56] main.CRITICAL: variable @mobile-cart-padding is undefined in file /home/thenext/domains/thenext.bearrunrun.com/public_html/var/view_preprocessed/pub/static/frontend/Smartwave/porto/en_US/css/source/_extends.less in _extends.less on line 755, column 57
753| .abs-toggling-title {
754|     @abs-toggling-title();
755|     .lib-css(padding, @indent__s @indent__xl @indent__s @mobile-cart-padding);
756|     .lib-icon-font(
757|         @icon-down,
758|         @_icon-font-size: 12px, [] []
[2020-04-05 15:00:02] main.INFO: Cron Job catalog_index_refresh_price is run [] []
[2020-04-05 15:00:02] main.INFO: Cron Job catalog_index_refresh_price is successfully finished. Statistics: {"sum":0.0078949928283691,"count":1,"realmem":0,"emalloc":314680,"realmem_start":50855936,"emalloc_start":46793872} [] []
[2020-04-05 15:00:02] main.INFO: Cron Job catalog_product_outdated_price_values_cleanup is run [] []
[2020-04-05 15:00:02] main.INFO: Cron Job catalog_product_outdated_price_values_cleanup is successfully finished. Statistics: {"sum":0.00059819221496582,"count":1,"realmem":0,"emalloc":704,"realmem_start":50855936,"emalloc_start":47260128} [] []
[2020-04-05 15:00:02] main.INFO: Cron Job catalog_product_frontend_actions_flush is run [] []
[2020-04-05 15:00:02] main.INFO: Cron Job catalog_product_frontend_actions_flush is successfully finished. Statistics: {"sum":0.0014181137084961,"count":1,"realmem":0,"emalloc":1128,"realmem_start":50855936,"emalloc_start":47456296} [] []
[2020-04-05 15:00:02] main.INFO: Cron Job catalog_product_attribute_value_synchronize is run [] []
[2020-04-05 15:00:02] main.INFO: Cron Job catalog_product_attribute_value_synchronize is successfully finished. Statistics: {"sum":0.0012450218200684,"count":1,"realmem":0,"emalloc":24528,"realmem_start":50855936,"emalloc_start":47518144} [] []
[2020-04-05 15:00:02] main.INFO: Cron Job sales_clean_orders is run [] []
[2020-04-05 15:00:02] main.INFO: Cron Job sales_clean_orders is successfully finished. Statistics: {"sum":0.0031130313873291,"count":1,"realmem":0,"emalloc":180640,"realmem_start":55050240,"emalloc_start":52032808} [] []
[2020-04-05 15:00:02] main.INFO: Cron Job sales_grid_order_async_insert is run [] []
[2020-04-05 15:00:02] main.INFO: Cron Job sales_grid_order_async_insert is successfully finished. Statistics: {"sum":0.0006098747253418,"count":1,"realmem":0,"emalloc":752,"realmem_start":55050240,"emalloc_start":52324432} [] []
[2020-04-05 15:00:02] main.INFO: Cron Job sales_grid_order_invoice_async_insert is run [] []
[2020-04-05 15:00:02] main.INFO: Cron Job sales_grid_order_invoice_async_insert is successfully finished. Statistics: {"sum":0.00055909156799316,"count":1,"realmem":0,"emalloc":752,"realmem_start":55050240,"emalloc_start":52327944} [] []
[2020-04-05 15:00:02] main.INFO: Cron Job sales_grid_order_shipment_async_insert is run [] []
[2020-04-05 15:00:02] main.INFO: Cron Job sales_grid_order_shipment_async_insert is successfully finished. Statistics: {"sum":0.00055623054504395,"count":1,"realmem":0,"emalloc":752,"realmem_start":55050240,"emalloc_start":52330816} [] []
[2020-04-05 15:00:02] main.INFO: Cron Job sales_grid_order_creditmemo_async_insert is run [] []
[2020-04-05 15:00:02] main.INFO: Cron Job sales_grid_order_creditmemo_async_insert is successfully finished. Statistics: {"sum":0.00052595138549805,"count":1,"realmem":0,"emalloc":752,"realmem_start":55050240,"emalloc_start":52333688} [] []
[2020-04-05 15:00:02] main.INFO: Cron Job sales_send_order_emails is run [] []
[2020-04-05 15:00:02] main.INFO: Cron Job sales_send_order_emails is successfully finished. Statistics: {"sum":0.00056791305541992,"count":1,"realmem":0,"emalloc":752,"realmem_start":55050240,"emalloc_start":52358512} [] []
[2020-04-05 15:00:02] main.INFO: Cron Job sales_send_order_invoice_emails is run [] []
[2020-04-05 15:00:02] main.INFO: Cron Job sales_send_order_invoice_emails is successfully finished. Statistics: {"sum":0.00049901008605957,"count":1,"realmem":0,"emalloc":752,"realmem_start":55050240,"emalloc_start":52720160} [] []
[2020-04-05 15:00:02] main.INFO: Cron Job sales_send_order_shipment_emails is run [] []
[2020-04-05 15:00:02] main.INFO: Cron Job sales_send_order_shipment_emails is successfully finished. Statistics: {"sum":0.00059390068054199,"count":1,"realmem":0,"emalloc":752,"realmem_start":55050240,"emalloc_start":53065328} [] []
[2020-04-05 15:00:02] main.INFO: Cron Job sales_send_order_creditmemo_emails is run [] []
[2020-04-05 15:00:02] main.INFO: Cron Job sales_send_order_creditmemo_emails is successfully finished. Statistics: {"sum":0.00057196617126465,"count":1,"realmem":0,"emalloc":752,"realmem_start":55050240,"emalloc_start":53393224} [] []
[2020-04-05 15:00:02] main.INFO: Cron Job captcha_delete_old_attempts is run [] []
[2020-04-05 15:00:02] main.INFO: Cron Job captcha_delete_old_attempts is successfully finished. Statistics: {"sum":0.001230001449585,"count":1,"realmem":0,"emalloc":26072,"realmem_start":55050240,"emalloc_start":53397296} [] []
[2020-04-05 15:00:02] main.INFO: Cron Job captcha_delete_expired_images is run [] []
[2020-04-05 15:00:02] main.INFO: Cron Job captcha_delete_expired_images is successfully finished. Statistics: {"sum":0.0072720050811768,"count":1,"realmem":2097152,"emalloc":736304,"realmem_start":55050240,"emalloc_start":53464120} [] []
[2020-04-05 15:00:02] main.INFO: Cron Job outdated_authentication_failures_cleanup is run [] []
[2020-04-05 15:00:02] main.INFO: Cron Job outdated_authentication_failures_cleanup is successfully finished. Statistics: {"sum":0.00089788436889648,"count":1,"realmem":0,"emalloc":1128,"realmem_start":57147392,"emalloc_start":54228184} [] []
[2020-04-05 15:00:02] main.INFO: Cron Job expired_tokens_cleanup is run [] []
[2020-04-05 15:00:02] main.INFO: Cron Job expired_tokens_cleanup is successfully finished. Statistics: {"sum":0.0010499954223633,"count":1,"realmem":0,"emalloc":2984,"realmem_start":57147392,"emalloc_start":54277352} [] []
[2020-04-05 15:00:02] main.INFO: Cron Job bulk_cleanup is run [] []
[2020-04-05 15:00:02] main.INFO: Cron Job bulk_cleanup is successfully finished. Statistics: {"sum":0.00094914436340332,"count":1,"realmem":0,"emalloc":5424,"realmem_start":57147392,"emalloc_start":54288696} [] []
[2020-04-05 15:00:02] main.INFO: Cron Job analytics_subscribe is run [] []
[2020-04-05 15:00:02] main.DEBUG: cache_invalidate:  {"method":"GET","url":"http:/","invalidateInfo":{"tags":["BACKEND_MAINMENU"],"mode":"matchingTag"}} []
[2020-04-05 15:00:03] main.DEBUG: cache_invalidate:  {"method":"GET","url":"http:/","invalidateInfo":{"tags":["acl_cache","CONFIG"],"mode":"matchingTag"}} []
[2020-04-05 15:00:03] main.INFO: Request token 2hbc4xminf3wmzqa4hpbf6rxfqvg4r7u was exchanged to obtain access token for consumer 1 [] []
[2020-04-05 15:00:03] main.DEBUG: cache_invalidate:  {"method":"GET","url":"http:/","invalidateInfo":{"tags":["acl_cache","CONFIG"],"mode":"matchingTag"}} []
[2020-04-05 15:00:03] main.INFO: Cron Job indexer_clean_all_changelogs is run [] []
[2020-04-05 15:00:03] main.INFO: Cron Job indexer_clean_all_changelogs is successfully finished. Statistics: {"sum":0.032145977020264,"count":1,"realmem":0,"emalloc":725800,"realmem_start":50855936,"emalloc_start":46506352} [] []
[2020-04-05 15:00:03] main.INFO: Cron Job indexer_reindex_all_invalid is run [] []
[2020-04-05 15:00:03] main.INFO: Cron Job indexer_reindex_all_invalid is successfully finished. Statistics: {"sum":0.022325992584229,"count":1,"realmem":0,"emalloc":17904,"realmem_start":50855936,"emalloc_start":47235512} [] []
[2020-04-05 15:00:03] main.INFO: Cron Job indexer_update_all_views is run [] []
[2020-04-05 15:00:03] main.INFO: Cron Job consumers_runner is run [] []
[2020-04-05 15:00:03] main.INFO: Consumer "async.operations.all" skipped as required connection "amqp" is not configured. Unknown connection name amqp [] []
[2020-04-05 15:00:03] main.INFO: Cron Job consumers_runner is successfully finished. Statistics: {"sum":0.0022208690643311,"count":1,"realmem":0,"emalloc":20640,"realmem_start":50855936,"emalloc_start":47006576} [] []
[2020-04-05 15:00:03] main.INFO: Cron Job scconnector_retrieve_gtag is run [] []
[2020-04-05 15:00:03] main.INFO: Cron Job scconnector_retrieve_gtag is successfully finished. Statistics: {"sum":0.0021238327026367,"count":1,"realmem":0,"emalloc":161560,"realmem_start":50855936,"emalloc_start":47111912} [] []
[2020-04-05 15:00:03] main.INFO: Cron Job scconnector_verify_website is run [] []
[2020-04-05 15:00:03] main.INFO: Cron Job scconnector_verify_website is successfully finished. Statistics: {"sum":0.00075101852416992,"count":1,"realmem":0,"emalloc":752,"realmem_start":50855936,"emalloc_start":47301920} [] []
[2020-04-05 15:00:04] main.INFO: Cron Job yotpo_yotpo_orders_sync is run [] []
[2020-04-05 15:00:04] main.INFO: Cron Job yotpo_yotpo_orders_sync is successfully finished. Statistics: {"sum":0.0063469409942627,"count":1,"realmem":0,"emalloc":321872,"realmem_start":50855936,"emalloc_start":47157672} [] []
[2020-04-05 15:00:04] main.INFO: Cron Job indexer_update_all_views is successfully finished. Statistics: {"sum":0.21831798553467,"count":1,"realmem":8388608,"emalloc":9154416,"realmem_start":50855936,"emalloc_start":47256032} [] []
[2020-04-05 15:00:04] main.INFO: Cron Job ddg_automation_abandonedcarts is run [] []
[2020-04-05 15:00:04] main.INFO: Cron Job ddg_automation_abandonedcarts is successfully finished. Statistics: {"sum":0.0093789100646973,"count":1,"realmem":0,"emalloc":636008,"realmem_start":59244544,"emalloc_start":55930432} [] []
[2020-04-05 15:00:04] main.INFO: Cron Job ddg_automation_campaign is run [] []
[2020-04-05 15:00:04] main.INFO: Cron Job ddg_automation_campaign is successfully finished. Statistics: {"sum":0.013052940368652,"count":1,"realmem":0,"emalloc":493464,"realmem_start":59244544,"emalloc_start":56566904} [] []
[2020-04-05 15:00:04] main.INFO: Cron Job ddg_automation_catalog_sync is run [] []
[2020-04-05 15:00:04] main.INFO: Cron Job ddg_automation_catalog_sync is successfully finished. Statistics: {"sum":0.014091014862061,"count":1,"realmem":2097152,"emalloc":1226512,"realmem_start":59244544,"emalloc_start":57060040} [] []
[2020-04-05 15:00:04] main.INFO: Cron Job ddg_automation_customer_subscriber_guest_sync is run [] []
[2020-04-05 15:00:04] main.INFO: Cron Job ddg_automation_customer_subscriber_guest_sync is successfully finished. Statistics: {"sum":0.0080530643463135,"count":1,"realmem":0,"emalloc":195456,"realmem_start":61341696,"emalloc_start":58286240} [] []
[2020-04-05 15:00:04] main.INFO: Cron Job ddg_automation_importer is run [] []
[2020-04-05 15:00:04] main.INFO: Cron Job ddg_automation_importer is successfully finished. Statistics: {"sum":0.0066568851470947,"count":1,"realmem":0,"emalloc":113056,"realmem_start":61341696,"emalloc_start":58481496} [] []
[2020-04-05 15:00:04] main.INFO: Cron Job ddg_automation_order_sync is run [] []
[2020-04-05 15:00:04] main.INFO: Cron Job ddg_automation_order_sync is successfully finished. Statistics: {"sum":0.037268877029419,"count":1,"realmem":2097152,"emalloc":2401144,"realmem_start":61341696,"emalloc_start":58594272} [] []
[2020-04-05 15:00:04] main.INFO: Cron Job ddg_automation_reviews_and_wishlist is run [] []
[2020-04-05 15:00:04] main.INFO: Cron Job ddg_automation_reviews_and_wishlist is successfully finished. Statistics: {"sum":0.0090281963348389,"count":1,"realmem":0,"emalloc":212040,"realmem_start":63438848,"emalloc_start":60995088} [] []
[2020-04-05 15:00:04] main.INFO: Cron Job ddg_automation_status is run [] []
[2020-04-05 15:00:04] main.INFO: Cron Job ddg_automation_status is successfully finished. Statistics: {"sum":0.0084600448608398,"count":1,"realmem":0,"emalloc":74040,"realmem_start":63438848,"emalloc_start":61206928} [] []
[2020-04-05 15:00:14] main.DEBUG: cache_invalidate:  {"method":"GET","url":"http:/","invalidateInfo":{"tags":["config_scopes","CONFIG"],"mode":"matchingTag"}} []
[2020-04-05 15:00:14] main.DEBUG: cache_invalidate:  {"method":"GET","url":"http:/","invalidateInfo":{"identifier":"LOCKED_RECORD_INFO_SYSTEM_CONFIG"}} []
[2020-04-05 15:00:14] main.DEBUG: cache_invalidate:  {"method":"GET","url":"http:/","invalidateInfo":{"tags":["config_scopes","CONFIG"],"mode":"matchingTag"}} []
[2020-04-05 15:00:14] main.DEBUG: cache_invalidate:  {"method":"GET","url":"http:/","invalidateInfo":{"identifier":"LOCKED_RECORD_INFO_SYSTEM_CONFIG"}} []
[2020-04-05 15:00:15] main.DEBUG: cache_invalidate:  {"method":"GET","url":"http:/","invalidateInfo":{"identifier":"LOCKED_RECORD_INFO_SYSTEM_CONFIG"}} []
[2020-04-05 15:00:15] main.INFO: Cron Job analytics_subscribe is successfully finished. Statistics: {"sum":12.260100126266,"count":1,"realmem":6291456,"emalloc":4836488,"realmem_start":57147392,"emalloc_start":54316352} [] []
[2020-04-05 15:00:15] main.INFO: Cron Job messagequeue_clean_outdated_locks is run [] []
[2020-04-05 15:00:15] main.INFO: Cron Job messagequeue_clean_outdated_locks is successfully finished. Statistics: {"sum":0.0012109279632568,"count":1,"realmem":0,"emalloc":1208,"realmem_start":63438848,"emalloc_start":59183264} [] []
[2020-04-05 15:00:15] main.INFO: Cron Job magento_newrelicreporting_cron is run [] []
[2020-04-05 15:00:15] main.INFO: Cron Job magento_newrelicreporting_cron is successfully finished. Statistics: {"sum":0.00050997734069824,"count":1,"realmem":0,"emalloc":672,"realmem_start":65536000,"emalloc_start":60833776} [] []
[2020-04-05 15:00:15] main.INFO: Cron Job newsletter_send_all is run [] []
[2020-04-05 15:00:15] main.INFO: Cron Job newsletter_send_all is successfully finished. Statistics: {"sum":0.0091729164123535,"count":1,"realmem":0,"emalloc":374608,"realmem_start":65536000,"emalloc_start":60843184} [] []
[2020-04-05 15:00:15] main.INFO: Cron Job get_amazon_capture_updates is run [] []
[2020-04-05 15:00:15] main.INFO: Cron Job get_amazon_capture_updates is successfully finished. Statistics: {"sum":0.0022730827331543,"count":1,"realmem":0,"emalloc":51728,"realmem_start":65536000,"emalloc_start":61959720} [] []
[2020-04-05 15:00:15] main.INFO: Cron Job get_amazon_authorization_updates is run [] []
[2020-04-05 15:00:15] main.INFO: Cron Job get_amazon_authorization_updates is successfully finished. Statistics: {"sum":0.0022151470184326,"count":1,"realmem":0,"emalloc":57952,"realmem_start":67633152,"emalloc_start":64912208} [] []
[2020-04-05 15:00:15] main.INFO: Cron Job amazon_payments_process_queued_refunds is run [] []
[2020-04-05 15:00:15] main.INFO: Cron Job amazon_payments_process_queued_refunds is successfully finished. Statistics: {"sum":0.002669095993042,"count":1,"realmem":0,"emalloc":122712,"realmem_start":67633152,"emalloc_start":64985712} [] []
[2020-04-05 15:00:15] main.INFO: Cron Job temando_process_platform_events is run [] []
[2020-04-05 15:00:15] main.INFO: Cron Job temando_process_platform_events is successfully finished. Statistics: {"sum":0.00063800811767578,"count":1,"realmem":0,"emalloc":832,"realmem_start":72351744,"emalloc_start":69819376} [] []
[2020-04-05 15:00:26] main.DEBUG: cache_invalidate:  {"method":"GET","url":"http:/","invalidateInfo":{"tags":["FPC"],"mode":"matchingTag"}} []
[2020-04-05 15:00:26] main.DEBUG: cache_invalidate:  {"method":"GET","url":"http:/","invalidateInfo":{"tags":["CONFIG"],"mode":"matchingTag"}} []
[2020-04-05 15:00:26] main.DEBUG: cache_invalidate:  {"method":"GET","url":"http:/","invalidateInfo":{"tags":["LAYOUT_GENERAL_CACHE_TAG"],"mode":"matchingTag"}} []
[2020-04-05 15:00:26] main.DEBUG: cache_invalidate:  {"method":"GET","url":"http:/","invalidateInfo":{"tags":["BLOCK_HTML"],"mode":"matchingTag"}} []
[2020-04-05 15:00:26] main.DEBUG: cache_invalidate:  {"method":"GET","url":"http:/","invalidateInfo":{"tags":["COLLECTION_DATA"],"mode":"matchingTag"}} []
[2020-04-05 15:00:26] main.DEBUG: cache_invalidate:  {"method":"GET","url":"http:/","invalidateInfo":{"tags":["REFLECTION"],"mode":"matchingTag"}} []
[2020-04-05 15:00:26] main.DEBUG: cache_invalidate:  {"method":"GET","url":"http:/","invalidateInfo":{"tags":["DB_DDL"],"mode":"matchingTag"}} []
[2020-04-05 15:00:26] main.DEBUG: cache_invalidate:  {"method":"GET","url":"http:/","invalidateInfo":{"tags":["COMPILED_CONFIG"],"mode":"matchingTag"}} []
[2020-04-05 15:00:26] main.DEBUG: cache_invalidate:  {"method":"GET","url":"http:/","invalidateInfo":{"tags":["EAV"],"mode":"matchingTag"}} []
[2020-04-05 15:00:26] main.DEBUG: cache_invalidate:  {"method":"GET","url":"http:/","invalidateInfo":{"tags":["CUSTOMER_NOTIFICATION"],"mode":"matchingTag"}} []
[2020-04-05 15:00:26] main.DEBUG: cache_invalidate:  {"method":"GET","url":"http:/","invalidateInfo":{"tags":["INTEGRATION"],"mode":"matchingTag"}} []
[2020-04-05 15:00:26] main.DEBUG: cache_invalidate:  {"method":"GET","url":"http:/","invalidateInfo":{"tags":["INTEGRATION_API_CONFIG"],"mode":"matchingTag"}} []
[2020-04-05 15:00:26] main.DEBUG: cache_invalidate:  {"method":"GET","url":"http:/","invalidateInfo":{"tags":["GOOGLE_PRODUCT"],"mode":"matchingTag"}} []
[2020-04-05 15:00:26] main.DEBUG: cache_invalidate:  {"method":"GET","url":"http:/","invalidateInfo":{"tags":["FPC"],"mode":"matchingTag"}} []
[2020-04-05 15:00:26] main.DEBUG: cache_invalidate:  {"method":"GET","url":"http:/","invalidateInfo":{"tags":["WEBSERVICE"],"mode":"matchingTag"}} []
[2020-04-05 15:00:26] main.DEBUG: cache_invalidate:  {"method":"GET","url":"http:/","invalidateInfo":{"tags":["TRANSLATE"],"mode":"matchingTag"}} []
[2020-04-05 15:00:26] main.DEBUG: cache_invalidate:  {"method":"GET","url":"http:/","invalidateInfo":{"tags":["VERTEX"],"mode":"matchingTag"}} []
[2020-04-05 15:00:31] main.DEBUG: cache_invalidate:  {"method":"GET","url":"http:/","invalidateInfo":{"identifier":"interception"}} []
[2020-04-05 15:00:36] main.DEBUG: cache_invalidate:  {"method":"GET","url":"http:/","invalidateInfo":{"identifier":"LOCKED_RECORD_INFO_SYSTEM_CONFIG"}} []
[2020-04-05 15:00:36] main.DEBUG: cache_invalidate:  {"method":"GET","url":"http:/","invalidateInfo":{"tags":["FPC"],"mode":"matchingTag"}} []
[2020-04-05 15:00:49] main.DEBUG: cache_invalidate:  {"method":"GET","url":"https://thenext.bearrunrun.com/","invalidateInfo":{"identifier":"interception"}} []
[2020-04-05 15:00:54] main.DEBUG: cache_invalidate:  {"method":"GET","url":"https://thenext.bearrunrun.com/","invalidateInfo":{"identifier":"LOCKED_RECORD_INFO_SYSTEM_CONFIG"}} []
[2020-04-05 15:00:55] main.DEBUG: cache_invalidate:  {"method":"GET","url":"https://thenext.bearrunrun.com/","invalidateInfo":{"identifier":"LOCKED_RECORD_INFO_BLOCK_fa29b7dbaa3f85be393abd6a03effbf9fc76e9d2"}} []
[2020-04-05 15:00:56] main.ERROR: variable @mobile-cart-padding is undefined in file /home/thenext/domains/thenext.bearrunrun.com/public_html/var/view_preprocessed/pub/static/frontend/Smartwave/porto/en_US/css/source/_extends.less in _extends.less on line 755, column 57
753| .abs-toggling-title {
754|     @abs-toggling-title();
755|     .lib-css(padding, @indent__s @indent__xl @indent__s @mobile-cart-padding);
756|     .lib-icon-font(
757|         @icon-down,
758|         @_icon-font-size: 12px, [] []
[2020-04-05 15:00:56] main.CRITICAL: variable @mobile-cart-padding is undefined in file /home/thenext/domains/thenext.bearrunrun.com/public_html/var/view_preprocessed/pub/static/frontend/Smartwave/porto/en_US/css/source/_extends.less in _extends.less on line 755, column 57
753| .abs-toggling-title {
754|     @abs-toggling-title();
755|     .lib-css(padding, @indent__s @indent__xl @indent__s @mobile-cart-padding);
756|     .lib-icon-font(
757|         @icon-down,
758|         @_icon-font-size: 12px, [] []
[2020-04-05 15:00:57] main.ERROR: variable @mobile-cart-padding is undefined in file /home/thenext/domains/thenext.bearrunrun.com/public_html/var/view_preprocessed/pub/static/frontend/Smartwave/porto/en_US/css/source/_extends.less in _extends.less on line 755, column 57
753| .abs-toggling-title {
754|     @abs-toggling-title();
755|     .lib-css(padding, @indent__s @indent__xl @indent__s @mobile-cart-padding);
756|     .lib-icon-font(
757|         @icon-down,
758|         @_icon-font-size: 12px, [] []
[2020-04-05 15:00:57] main.CRITICAL: variable @mobile-cart-padding is undefined in file /home/thenext/domains/thenext.bearrunrun.com/public_html/var/view_preprocessed/pub/static/frontend/Smartwave/porto/en_US/css/source/_extends.less in _extends.less on line 755, column 57
753| .abs-toggling-title {
754|     @abs-toggling-title();
755|     .lib-css(padding, @indent__s @indent__xl @indent__s @mobile-cart-padding);
756|     .lib-icon-font(
757|         @icon-down,
758|         @_icon-font-size: 12px, [] []
[2020-04-05 15:01:01] main.INFO: 0 cron jobs were cleaned [] []
[2020-04-05 15:01:02] main.INFO: Cron Job catalog_product_outdated_price_values_cleanup is run [] []
[2020-04-05 15:01:02] main.INFO: Cron Job catalog_product_outdated_price_values_cleanup is successfully finished. Statistics: {"sum":0.0005338191986084,"count":1,"realmem":0,"emalloc":704,"realmem_start":52953088,"emalloc_start":47263728} [] []
[2020-04-05 15:01:02] main.INFO: Cron Job catalog_product_frontend_actions_flush is run [] []
[2020-04-05 15:01:02] main.INFO: Cron Job catalog_product_frontend_actions_flush is successfully finished. Statistics: {"sum":0.00066399574279785,"count":1,"realmem":0,"emalloc":1128,"realmem_start":52953088,"emalloc_start":47296512} [] []
[2020-04-05 15:01:02] main.INFO: Cron Job sales_grid_order_async_insert is run [] []
[2020-04-05 15:01:02] main.INFO: Cron Job sales_grid_order_async_insert is successfully finished. Statistics: {"sum":0.00053095817565918,"count":1,"realmem":0,"emalloc":752,"realmem_start":52953088,"emalloc_start":47408928} [] []
[2020-04-05 15:01:02] main.INFO: Cron Job sales_grid_order_invoice_async_insert is run [] []
[2020-04-05 15:01:02] main.INFO: Cron Job sales_grid_order_invoice_async_insert is successfully finished. Statistics: {"sum":0.00044393539428711,"count":1,"realmem":0,"emalloc":752,"realmem_start":52953088,"emalloc_start":47412440} [] []
[2020-04-05 15:01:02] main.INFO: Cron Job sales_grid_order_shipment_async_insert is run [] []
[2020-04-05 15:01:02] main.INFO: Cron Job sales_grid_order_shipment_async_insert is successfully finished. Statistics: {"sum":0.00051188468933105,"count":1,"realmem":0,"emalloc":752,"realmem_start":52953088,"emalloc_start":47415312} [] []
[2020-04-05 15:01:02] main.INFO: Cron Job sales_grid_order_creditmemo_async_insert is run [] []
[2020-04-05 15:01:02] main.INFO: Cron Job sales_grid_order_creditmemo_async_insert is successfully finished. Statistics: {"sum":0.00048184394836426,"count":1,"realmem":0,"emalloc":752,"realmem_start":52953088,"emalloc_start":47418184} [] []
[2020-04-05 15:01:02] main.INFO: Cron Job sales_send_order_emails is run [] []
[2020-04-05 15:01:02] main.INFO: Cron Job sales_send_order_emails is successfully finished. Statistics: {"sum":0.00057315826416016,"count":1,"realmem":0,"emalloc":832,"realmem_start":52953088,"emalloc_start":50656512} [] []
[2020-04-05 15:01:02] main.INFO: Cron Job sales_send_order_invoice_emails is run [] []
[2020-04-05 15:01:02] main.INFO: Cron Job sales_send_order_invoice_emails is successfully finished. Statistics: {"sum":0.00050091743469238,"count":1,"realmem":0,"emalloc":752,"realmem_start":55050240,"emalloc_start":51059240} [] []
[2020-04-05 15:01:02] main.INFO: Cron Job sales_send_order_shipment_emails is run [] []
[2020-04-05 15:01:02] main.INFO: Cron Job sales_send_order_shipment_emails is successfully finished. Statistics: {"sum":0.00063014030456543,"count":1,"realmem":0,"emalloc":752,"realmem_start":55050240,"emalloc_start":51404456} [] []
[2020-04-05 15:01:02] main.INFO: Cron Job sales_send_order_creditmemo_emails is run [] []
[2020-04-05 15:01:02] main.INFO: Cron Job sales_send_order_creditmemo_emails is successfully finished. Statistics: {"sum":0.00051212310791016,"count":1,"realmem":0,"emalloc":752,"realmem_start":55050240,"emalloc_start":51732672} [] []
[2020-04-05 15:01:02] main.INFO: Cron Job outdated_authentication_failures_cleanup is run [] []
[2020-04-05 15:01:02] main.INFO: Cron Job outdated_authentication_failures_cleanup is successfully finished. Statistics: {"sum":0.00071501731872559,"count":1,"realmem":0,"emalloc":1128,"realmem_start":55050240,"emalloc_start":51757024} [] []
[2020-04-05 15:01:02] main.INFO: Cron Job bulk_cleanup is run [] []
[2020-04-05 15:01:02] main.INFO: Cron Job bulk_cleanup is successfully finished. Statistics: {"sum":0.00083804130554199,"count":1,"realmem":0,"emalloc":5424,"realmem_start":55050240,"emalloc_start":51772112} [] []
[2020-04-05 15:01:03] main.INFO: 3 cron jobs were cleaned [] []
[2020-04-05 15:01:03] main.INFO: Cron Job yotpo_yotpo_orders_sync is run [] []
[2020-04-05 15:01:03] main.INFO: 6 cron jobs were cleaned [] []
[2020-04-05 15:01:03] main.INFO: Cron Job indexer_reindex_all_invalid is run [] []
[2020-04-05 15:01:03] main.INFO: Cron Job indexer_reindex_all_invalid is successfully finished. Statistics: {"sum":0.029061079025269,"count":1,"realmem":0,"emalloc":439896,"realmem_start":50855936,"emalloc_start":46811976} [] []
[2020-04-05 15:01:03] main.INFO: Cron Job yotpo_yotpo_orders_sync is successfully finished. Statistics: {"sum":0.1083779335022,"count":1,"realmem":2097152,"emalloc":442944,"realmem_start":50855936,"emalloc_start":46985104} [] []
[2020-04-05 15:01:03] main.INFO: Cron Job indexer_update_all_views is run [] []
[2020-04-05 15:01:03] main.INFO: Cron Job indexer_update_all_views is successfully finished. Statistics: {"sum":0.12389993667603,"count":1,"realmem":8388608,"emalloc":9363176,"realmem_start":50855936,"emalloc_start":47280464} [] []
[2020-04-05 15:01:03] main.INFO: Cron Job consumers_runner is run [] []
[2020-04-05 15:01:03] main.INFO: Consumer "async.operations.all" skipped as required connection "amqp" is not configured. Unknown connection name amqp [] []
[2020-04-05 15:01:03] main.INFO: Cron Job consumers_runner is successfully finished. Statistics: {"sum":0.0018079280853271,"count":1,"realmem":0,"emalloc":20696,"realmem_start":59244544,"emalloc_start":56698264} [] []
[2020-04-05 15:01:28] main.ERROR: variable @mobile-cart-padding is undefined in file /home/thenext/domains/thenext.bearrunrun.com/public_html/var/view_preprocessed/pub/static/frontend/Smartwave/porto/en_US/css/source/_extends.less in _extends.less on line 755, column 57
753| .abs-toggling-title {
754|     @abs-toggling-title();
755|     .lib-css(padding, @indent__s @indent__xl @indent__s @mobile-cart-padding);
756|     .lib-icon-font(
757|         @icon-down,
758|         @_icon-font-size: 12px, [] []
[2020-04-05 15:01:28] main.CRITICAL: variable @mobile-cart-padding is undefined in file /home/thenext/domains/thenext.bearrunrun.com/public_html/var/view_preprocessed/pub/static/frontend/Smartwave/porto/en_US/css/source/_extends.less in _extends.less on line 755, column 57
753| .abs-toggling-title {
754|     @abs-toggling-title();
755|     .lib-css(padding, @indent__s @indent__xl @indent__s @mobile-cart-padding);
756|     .lib-icon-font(
757|         @icon-down,
758|         @_icon-font-size: 12px, [] []
[2020-04-05 15:01:28] main.ERROR: variable @mobile-cart-padding is undefined in file /home/thenext/domains/thenext.bearrunrun.com/public_html/var/view_preprocessed/pub/static/frontend/Smartwave/porto/en_US/css/source/_extends.less in _extends.less on line 755, column 57
753| .abs-toggling-title {
754|     @abs-toggling-title();
755|     .lib-css(padding, @indent__s @indent__xl @indent__s @mobile-cart-padding);
756|     .lib-icon-font(
757|         @icon-down,
758|         @_icon-font-size: 12px, [] []
[2020-04-05 15:01:28] main.CRITICAL: variable @mobile-cart-padding is undefined in file /home/thenext/domains/thenext.bearrunrun.com/public_html/var/view_preprocessed/pub/static/frontend/Smartwave/porto/en_US/css/source/_extends.less in _extends.less on line 755, column 57
753| .abs-toggling-title {
754|     @abs-toggling-title();
755|     .lib-css(padding, @indent__s @indent__xl @indent__s @mobile-cart-padding);
756|     .lib-icon-font(
757|         @icon-down,
758|         @_icon-font-size: 12px, [] []
[2020-04-05 15:02:02] main.INFO: Cron Job catalog_product_outdated_price_values_cleanup is run [] []
[2020-04-05 15:02:02] main.INFO: Cron Job catalog_product_outdated_price_values_cleanup is successfully finished. Statistics: {"sum":0.00096797943115234,"count":1,"realmem":0,"emalloc":85576,"realmem_start":50855936,"emalloc_start":46887544} [] []
[2020-04-05 15:02:02] main.INFO: Cron Job catalog_product_frontend_actions_flush is run [] []
[2020-04-05 15:02:02] main.INFO: Cron Job catalog_product_frontend_actions_flush is successfully finished. Statistics: {"sum":0.00098800659179688,"count":1,"realmem":0,"emalloc":1128,"realmem_start":50855936,"emalloc_start":47005200} [] []
[2020-04-05 15:02:02] main.INFO: Cron Job sales_grid_order_async_insert is run [] []
[2020-04-05 15:02:02] main.INFO: Cron Job sales_grid_order_async_insert is successfully finished. Statistics: {"sum":0.00047802925109863,"count":1,"realmem":0,"emalloc":752,"realmem_start":50855936,"emalloc_start":47281456} [] []
[2020-04-05 15:02:02] main.INFO: Cron Job sales_grid_order_invoice_async_insert is run [] []
[2020-04-05 15:02:02] main.INFO: Cron Job sales_grid_order_invoice_async_insert is successfully finished. Statistics: {"sum":0.00046491622924805,"count":1,"realmem":0,"emalloc":752,"realmem_start":50855936,"emalloc_start":47284968} [] []
[2020-04-05 15:02:02] main.INFO: Cron Job sales_grid_order_shipment_async_insert is run [] []
[2020-04-05 15:02:02] main.INFO: Cron Job sales_grid_order_shipment_async_insert is successfully finished. Statistics: {"sum":0.0004570484161377,"count":1,"realmem":0,"emalloc":752,"realmem_start":50855936,"emalloc_start":47287840} [] []
[2020-04-05 15:02:02] main.INFO: Cron Job sales_grid_order_creditmemo_async_insert is run [] []
[2020-04-05 15:02:02] main.INFO: Cron Job sales_grid_order_creditmemo_async_insert is successfully finished. Statistics: {"sum":0.00052309036254883,"count":1,"realmem":0,"emalloc":752,"realmem_start":50855936,"emalloc_start":47290712} [] []
[2020-04-05 15:02:02] main.INFO: Cron Job sales_send_order_emails is run [] []
[2020-04-05 15:02:02] main.INFO: Cron Job sales_send_order_emails is successfully finished. Statistics: {"sum":0.0005650520324707,"count":1,"realmem":0,"emalloc":720,"realmem_start":52953088,"emalloc_start":50429728} [] []
[2020-04-05 15:02:02] main.INFO: Cron Job sales_send_order_invoice_emails is run [] []
[2020-04-05 15:02:02] main.INFO: Cron Job sales_send_order_invoice_emails is successfully finished. Statistics: {"sum":0.00064492225646973,"count":1,"realmem":0,"emalloc":752,"realmem_start":52953088,"emalloc_start":50791384} [] []
[2020-04-05 15:02:02] main.INFO: Cron Job sales_send_order_shipment_emails is run [] []
[2020-04-05 15:02:02] main.INFO: Cron Job sales_send_order_shipment_emails is successfully finished. Statistics: {"sum":0.00054097175598145,"count":1,"realmem":0,"emalloc":752,"realmem_start":52953088,"emalloc_start":51136600} [] []
[2020-04-05 15:02:02] main.INFO: Cron Job sales_send_order_creditmemo_emails is run [] []
[2020-04-05 15:02:02] main.INFO: Cron Job sales_send_order_creditmemo_emails is successfully finished. Statistics: {"sum":0.00052094459533691,"count":1,"realmem":0,"emalloc":752,"realmem_start":55050240,"emalloc_start":51485296} [] []
[2020-04-05 15:02:02] main.INFO: Cron Job outdated_authentication_failures_cleanup is run [] []
[2020-04-05 15:02:02] main.INFO: Cron Job outdated_authentication_failures_cleanup is successfully finished. Statistics: {"sum":0.00091195106506348,"count":1,"realmem":0,"emalloc":1128,"realmem_start":55050240,"emalloc_start":51530128} [] []
[2020-04-05 15:02:02] main.INFO: Cron Job bulk_cleanup is run [] []
[2020-04-05 15:02:02] main.INFO: Cron Job bulk_cleanup is successfully finished. Statistics: {"sum":0.00082802772521973,"count":1,"realmem":0,"emalloc":5424,"realmem_start":55050240,"emalloc_start":51545216} [] []
[2020-04-05 15:02:02] main.INFO: Cron Job magento_newrelicreporting_cron is run [] []
[2020-04-05 15:02:02] main.INFO: Cron Job magento_newrelicreporting_cron is successfully finished. Statistics: {"sum":0.00060606002807617,"count":1,"realmem":0,"emalloc":672,"realmem_start":55050240,"emalloc_start":53280552} [] []
[2020-04-05 15:02:03] main.INFO: Cron Job consumers_runner is run [] []
[2020-04-05 15:02:03] main.INFO: Consumer "async.operations.all" skipped as required connection "amqp" is not configured. Unknown connection name amqp [] []
[2020-04-05 15:02:03] main.INFO: Cron Job consumers_runner is successfully finished. Statistics: {"sum":0.0020148754119873,"count":1,"realmem":0,"emalloc":20640,"realmem_start":50855936,"emalloc_start":47007392} [] []
[2020-04-05 15:02:03] main.INFO: Cron Job indexer_reindex_all_invalid is run [] []
[2020-04-05 15:02:03] main.INFO: Cron Job yotpo_yotpo_orders_sync is run [] []
[2020-04-05 15:02:03] main.INFO: Cron Job yotpo_yotpo_orders_sync is successfully finished. Statistics: {"sum":0.0043878555297852,"count":1,"realmem":0,"emalloc":321192,"realmem_start":50855936,"emalloc_start":47156264} [] []
[2020-04-05 15:02:03] main.INFO: Cron Job indexer_reindex_all_invalid is successfully finished. Statistics: {"sum":0.013812065124512,"count":1,"realmem":0,"emalloc":555536,"realmem_start":50855936,"emalloc_start":46503840} [] []
[2020-04-05 15:02:03] main.INFO: Cron Job indexer_update_all_views is run [] []
[2020-04-05 15:02:03] main.INFO: Cron Job indexer_update_all_views is successfully finished. Statistics: {"sum":0.11382102966309,"count":1,"realmem":8388608,"emalloc":9342152,"realmem_start":50855936,"emalloc_start":47062416} [] []
[2020-04-05 15:03:02] main.INFO: Cron Job catalog_product_outdated_price_values_cleanup is run [] []
[2020-04-05 15:03:02] main.INFO: Cron Job catalog_product_outdated_price_values_cleanup is successfully finished. Statistics: {"sum":0.00086307525634766,"count":1,"realmem":0,"emalloc":85576,"realmem_start":50855936,"emalloc_start":46872896} [] []
[2020-04-05 15:03:02] main.INFO: Cron Job catalog_product_frontend_actions_flush is run [] []
[2020-04-05 15:03:02] main.INFO: Cron Job catalog_product_frontend_actions_flush is successfully finished. Statistics: {"sum":0.00077605247497559,"count":1,"realmem":0,"emalloc":1128,"realmem_start":50855936,"emalloc_start":46990552} [] []
[2020-04-05 15:03:02] main.INFO: Cron Job sales_grid_order_async_insert is run [] []
[2020-04-05 15:03:02] main.INFO: Cron Job sales_grid_order_async_insert is successfully finished. Statistics: {"sum":0.00044989585876465,"count":1,"realmem":0,"emalloc":752,"realmem_start":50855936,"emalloc_start":47266808} [] []
[2020-04-05 15:03:02] main.INFO: Cron Job sales_grid_order_invoice_async_insert is run [] []
[2020-04-05 15:03:02] main.INFO: Cron Job sales_grid_order_invoice_async_insert is successfully finished. Statistics: {"sum":0.00043082237243652,"count":1,"realmem":0,"emalloc":752,"realmem_start":50855936,"emalloc_start":47270320} [] []
[2020-04-05 15:03:02] main.INFO: Cron Job sales_grid_order_shipment_async_insert is run [] []
[2020-04-05 15:03:02] main.INFO: Cron Job sales_grid_order_shipment_async_insert is successfully finished. Statistics: {"sum":0.00039911270141602,"count":1,"realmem":0,"emalloc":752,"realmem_start":50855936,"emalloc_start":47273192} [] []
[2020-04-05 15:03:02] main.INFO: Cron Job sales_grid_order_creditmemo_async_insert is run [] []
[2020-04-05 15:03:02] main.INFO: Cron Job sales_grid_order_creditmemo_async_insert is successfully finished. Statistics: {"sum":0.00043106079101562,"count":1,"realmem":0,"emalloc":752,"realmem_start":50855936,"emalloc_start":47276064} [] []
[2020-04-05 15:03:02] main.INFO: Cron Job sales_send_order_emails is run [] []
[2020-04-05 15:03:02] main.INFO: Cron Job sales_send_order_emails is successfully finished. Statistics: {"sum":0.00054097175598145,"count":1,"realmem":0,"emalloc":720,"realmem_start":52953088,"emalloc_start":50415080} [] []
[2020-04-05 15:03:02] main.INFO: Cron Job sales_send_order_invoice_emails is run [] []
[2020-04-05 15:03:02] main.INFO: Cron Job sales_send_order_invoice_emails is successfully finished. Statistics: {"sum":0.00049805641174316,"count":1,"realmem":0,"emalloc":752,"realmem_start":52953088,"emalloc_start":50776736} [] []
[2020-04-05 15:03:02] main.INFO: Cron Job sales_send_order_shipment_emails is run [] []
[2020-04-05 15:03:02] main.INFO: Cron Job sales_send_order_shipment_emails is successfully finished. Statistics: {"sum":0.00052309036254883,"count":1,"realmem":0,"emalloc":752,"realmem_start":52953088,"emalloc_start":51121952} [] []
[2020-04-05 15:03:02] main.INFO: Cron Job sales_send_order_creditmemo_emails is run [] []
[2020-04-05 15:03:02] main.INFO: Cron Job sales_send_order_creditmemo_emails is successfully finished. Statistics: {"sum":0.00052213668823242,"count":1,"realmem":0,"emalloc":752,"realmem_start":55050240,"emalloc_start":51470648} [] []
[2020-04-05 15:03:02] main.INFO: Cron Job outdated_authentication_failures_cleanup is run [] []
[2020-04-05 15:03:02] main.INFO: Cron Job outdated_authentication_failures_cleanup is successfully finished. Statistics: {"sum":0.00076699256896973,"count":1,"realmem":0,"emalloc":1128,"realmem_start":55050240,"emalloc_start":51515480} [] []
[2020-04-05 15:03:02] main.INFO: Cron Job bulk_cleanup is run [] []
[2020-04-05 15:03:02] main.INFO: Cron Job bulk_cleanup is successfully finished. Statistics: {"sum":0.0013959407806396,"count":1,"realmem":0,"emalloc":5424,"realmem_start":55050240,"emalloc_start":51530568} [] []
[2020-04-05 15:03:03] main.INFO: Cron Job indexer_reindex_all_invalid is run [] []
[2020-04-05 15:03:03] main.INFO: Cron Job consumers_runner is run [] []
[2020-04-05 15:03:04] main.INFO: Consumer "async.operations.all" skipped as required connection "amqp" is not configured. Unknown connection name amqp [] []
[2020-04-05 15:03:04] main.INFO: Cron Job consumers_runner is successfully finished. Statistics: {"sum":0.0069830417633057,"count":1,"realmem":0,"emalloc":20640,"realmem_start":50855936,"emalloc_start":47006280} [] []
[2020-04-05 15:03:04] main.INFO: Cron Job indexer_reindex_all_invalid is successfully finished. Statistics: {"sum":0.029062032699585,"count":1,"realmem":0,"emalloc":555536,"realmem_start":50855936,"emalloc_start":46503840} [] []
[2020-04-05 15:03:04] main.INFO: Cron Job yotpo_yotpo_orders_sync is run [] []
[2020-04-05 15:03:04] main.INFO: Cron Job yotpo_yotpo_orders_sync is successfully finished. Statistics: {"sum":0.0040290355682373,"count":1,"realmem":0,"emalloc":321192,"realmem_start":50855936,"emalloc_start":47156264} [] []
[2020-04-05 15:03:04] main.INFO: Cron Job indexer_update_all_views is run [] []
[2020-04-05 15:03:04] main.INFO: Cron Job indexer_update_all_views is successfully finished. Statistics: {"sum":0.14933800697327,"count":1,"realmem":8388608,"emalloc":9342152,"realmem_start":50855936,"emalloc_start":47062416} [] []
[2020-04-05 15:04:01] main.INFO: Cron Job catalog_product_outdated_price_values_cleanup is run [] []
[2020-04-05 15:04:01] main.INFO: Cron Job catalog_product_outdated_price_values_cleanup is successfully finished. Statistics: {"sum":0.0010130405426025,"count":1,"realmem":0,"emalloc":85576,"realmem_start":50855936,"emalloc_start":46842984} [] []
[2020-04-05 15:04:01] main.INFO: Cron Job catalog_product_frontend_actions_flush is run [] []
[2020-04-05 15:04:01] main.INFO: Cron Job catalog_product_frontend_actions_flush is successfully finished. Statistics: {"sum":0.00079512596130371,"count":1,"realmem":0,"emalloc":1128,"realmem_start":50855936,"emalloc_start":46960640} [] []
[2020-04-05 15:04:01] main.INFO: Cron Job sales_grid_order_async_insert is run [] []
[2020-04-05 15:04:01] main.INFO: Cron Job sales_grid_order_async_insert is successfully finished. Statistics: {"sum":0.00055694580078125,"count":1,"realmem":0,"emalloc":752,"realmem_start":50855936,"emalloc_start":47236896} [] []
[2020-04-05 15:04:01] main.INFO: Cron Job sales_grid_order_invoice_async_insert is run [] []
[2020-04-05 15:04:01] main.INFO: Cron Job sales_grid_order_invoice_async_insert is successfully finished. Statistics: {"sum":0.00043177604675293,"count":1,"realmem":0,"emalloc":752,"realmem_start":50855936,"emalloc_start":47240408} [] []
[2020-04-05 15:04:01] main.INFO: Cron Job sales_grid_order_shipment_async_insert is run [] []
[2020-04-05 15:04:01] main.INFO: Cron Job sales_grid_order_shipment_async_insert is successfully finished. Statistics: {"sum":0.00040602684020996,"count":1,"realmem":0,"emalloc":752,"realmem_start":50855936,"emalloc_start":47243280} [] []
[2020-04-05 15:04:01] main.INFO: Cron Job sales_grid_order_creditmemo_async_insert is run [] []
[2020-04-05 15:04:01] main.INFO: Cron Job sales_grid_order_creditmemo_async_insert is successfully finished. Statistics: {"sum":0.00045108795166016,"count":1,"realmem":0,"emalloc":752,"realmem_start":50855936,"emalloc_start":47246152} [] []
[2020-04-05 15:04:02] main.INFO: Cron Job sales_send_order_emails is run [] []
[2020-04-05 15:04:02] main.INFO: Cron Job sales_send_order_emails is successfully finished. Statistics: {"sum":0.00055193901062012,"count":1,"realmem":0,"emalloc":720,"realmem_start":52953088,"emalloc_start":50385168} [] []
[2020-04-05 15:04:02] main.INFO: Cron Job sales_send_order_invoice_emails is run [] []
[2020-04-05 15:04:02] main.INFO: Cron Job sales_send_order_invoice_emails is successfully finished. Statistics: {"sum":0.0005040168762207,"count":1,"realmem":0,"emalloc":752,"realmem_start":52953088,"emalloc_start":50746824} [] []
[2020-04-05 15:04:02] main.INFO: Cron Job sales_send_order_shipment_emails is run [] []
[2020-04-05 15:04:02] main.INFO: Cron Job sales_send_order_shipment_emails is successfully finished. Statistics: {"sum":0.0005340576171875,"count":1,"realmem":0,"emalloc":752,"realmem_start":52953088,"emalloc_start":51092040} [] []
[2020-04-05 15:04:02] main.INFO: Cron Job sales_send_order_creditmemo_emails is run [] []
[2020-04-05 15:04:02] main.INFO: Cron Job sales_send_order_creditmemo_emails is successfully finished. Statistics: {"sum":0.00073504447937012,"count":1,"realmem":0,"emalloc":752,"realmem_start":55050240,"emalloc_start":51440736} [] []
[2020-04-05 15:04:02] main.INFO: Cron Job outdated_authentication_failures_cleanup is run [] []
[2020-04-05 15:04:02] main.INFO: Cron Job outdated_authentication_failures_cleanup is successfully finished. Statistics: {"sum":0.001068115234375,"count":1,"realmem":0,"emalloc":1128,"realmem_start":55050240,"emalloc_start":51485568} [] []
[2020-04-05 15:04:02] main.INFO: Cron Job bulk_cleanup is run [] []
[2020-04-05 15:04:02] main.INFO: Cron Job bulk_cleanup is successfully finished. Statistics: {"sum":0.0012519359588623,"count":1,"realmem":0,"emalloc":5424,"realmem_start":55050240,"emalloc_start":51500656} [] []
[2020-04-05 15:04:02] main.INFO: Cron Job magento_newrelicreporting_cron is run [] []
[2020-04-05 15:04:02] main.INFO: Cron Job magento_newrelicreporting_cron is successfully finished. Statistics: {"sum":0.00095081329345703,"count":1,"realmem":0,"emalloc":672,"realmem_start":55050240,"emalloc_start":53235992} [] []
[2020-04-05 15:04:03] main.INFO: Cron Job indexer_reindex_all_invalid is run [] []
[2020-04-05 15:04:03] main.INFO: Cron Job consumers_runner is run [] []
[2020-04-05 15:04:03] main.INFO: Consumer "async.operations.all" skipped as required connection "amqp" is not configured. Unknown connection name amqp [] []
[2020-04-05 15:04:03] main.INFO: Cron Job consumers_runner is successfully finished. Statistics: {"sum":0.0026190280914307,"count":1,"realmem":0,"emalloc":20640,"realmem_start":50855936,"emalloc_start":47005168} [] []
[2020-04-05 15:04:03] main.INFO: Cron Job indexer_reindex_all_invalid is successfully finished. Statistics: {"sum":0.018429040908813,"count":1,"realmem":0,"emalloc":555536,"realmem_start":50855936,"emalloc_start":46503840} [] []
[2020-04-05 15:04:03] main.INFO: Cron Job indexer_update_all_views is run [] []
[2020-04-05 15:04:03] main.INFO: Cron Job yotpo_yotpo_orders_sync is run [] []
[2020-04-05 15:04:03] main.INFO: Cron Job yotpo_yotpo_orders_sync is successfully finished. Statistics: {"sum":0.0040838718414307,"count":1,"realmem":2097152,"emalloc":321192,"realmem_start":50855936,"emalloc_start":46965768} [] []
[2020-04-05 15:04:03] main.INFO: Cron Job indexer_update_all_views is successfully finished. Statistics: {"sum":0.12382102012634,"count":1,"realmem":8388608,"emalloc":9342152,"realmem_start":50855936,"emalloc_start":47062416} [] []
[2020-04-05 15:05:02] main.INFO: Cron Job catalog_product_outdated_price_values_cleanup is run [] []
[2020-04-05 15:05:02] main.INFO: Cron Job catalog_product_outdated_price_values_cleanup is successfully finished. Statistics: {"sum":0.0012199878692627,"count":1,"realmem":0,"emalloc":85576,"realmem_start":50855936,"emalloc_start":46828336} [] []
[2020-04-05 15:05:02] main.INFO: Cron Job catalog_product_frontend_actions_flush is run [] []
[2020-04-05 15:05:02] main.INFO: Cron Job catalog_product_frontend_actions_flush is successfully finished. Statistics: {"sum":0.0062170028686523,"count":1,"realmem":0,"emalloc":1128,"realmem_start":50855936,"emalloc_start":46945992} [] []
[2020-04-05 15:05:02] main.INFO: Cron Job catalog_product_attribute_value_synchronize is run [] []
[2020-04-05 15:05:02] main.INFO: Cron Job catalog_product_attribute_value_synchronize is successfully finished. Statistics: {"sum":0.0015408992767334,"count":1,"realmem":0,"emalloc":24528,"realmem_start":50855936,"emalloc_start":47171680} [] []
[2020-04-05 15:05:02] main.INFO: Cron Job sales_grid_order_async_insert is run [] []
[2020-04-05 15:05:02] main.INFO: Cron Job sales_grid_order_async_insert is successfully finished. Statistics: {"sum":0.00071597099304199,"count":1,"realmem":0,"emalloc":752,"realmem_start":50855936,"emalloc_start":47307520} [] []
[2020-04-05 15:05:02] main.INFO: Cron Job sales_grid_order_invoice_async_insert is run [] []
[2020-04-05 15:05:02] main.INFO: Cron Job sales_grid_order_invoice_async_insert is successfully finished. Statistics: {"sum":0.000823974609375,"count":1,"realmem":0,"emalloc":752,"realmem_start":50855936,"emalloc_start":47311032} [] []
[2020-04-05 15:05:02] main.INFO: Cron Job sales_grid_order_shipment_async_insert is run [] []
[2020-04-05 15:05:02] main.INFO: Cron Job sales_grid_order_shipment_async_insert is successfully finished. Statistics: {"sum":0.00072407722473145,"count":1,"realmem":0,"emalloc":752,"realmem_start":50855936,"emalloc_start":47313904} [] []
[2020-04-05 15:05:02] main.INFO: Cron Job sales_grid_order_creditmemo_async_insert is run [] []
[2020-04-05 15:05:02] main.INFO: Cron Job sales_grid_order_creditmemo_async_insert is successfully finished. Statistics: {"sum":0.00070595741271973,"count":1,"realmem":0,"emalloc":752,"realmem_start":50855936,"emalloc_start":47316776} [] []
[2020-04-05 15:05:02] main.INFO: Cron Job sales_send_order_emails is run [] []
[2020-04-05 15:05:02] main.INFO: Cron Job sales_send_order_emails is successfully finished. Statistics: {"sum":0.00085997581481934,"count":1,"realmem":0,"emalloc":720,"realmem_start":52953088,"emalloc_start":50521328} [] []
[2020-04-05 15:05:02] main.INFO: Cron Job sales_send_order_invoice_emails is run [] []
[2020-04-05 15:05:02] main.INFO: Cron Job sales_send_order_invoice_emails is successfully finished. Statistics: {"sum":0.0010030269622803,"count":1,"realmem":0,"emalloc":752,"realmem_start":52953088,"emalloc_start":50882984} [] []
[2020-04-05 15:05:02] main.INFO: Cron Job sales_send_order_shipment_emails is run [] []
[2020-04-05 15:05:02] main.INFO: Cron Job sales_send_order_shipment_emails is successfully finished. Statistics: {"sum":0.00084209442138672,"count":1,"realmem":0,"emalloc":752,"realmem_start":52953088,"emalloc_start":51203944} [] []
[2020-04-05 15:05:02] main.INFO: Cron Job sales_send_order_creditmemo_emails is run [] []
[2020-04-05 15:05:02] main.INFO: Cron Job sales_send_order_creditmemo_emails is successfully finished. Statistics: {"sum":0.00090503692626953,"count":1,"realmem":0,"emalloc":752,"realmem_start":55050240,"emalloc_start":51597376} [] []
[2020-04-05 15:05:02] main.INFO: Cron Job outdated_authentication_failures_cleanup is run [] []
[2020-04-05 15:05:02] main.INFO: Cron Job outdated_authentication_failures_cleanup is successfully finished. Statistics: {"sum":0.0011999607086182,"count":1,"realmem":0,"emalloc":1128,"realmem_start":55050240,"emalloc_start":51621728} [] []
[2020-04-05 15:05:02] main.INFO: Cron Job bulk_cleanup is run [] []
[2020-04-05 15:05:02] main.INFO: Cron Job bulk_cleanup is successfully finished. Statistics: {"sum":0.001154899597168,"count":1,"realmem":0,"emalloc":5424,"realmem_start":55050240,"emalloc_start":51630600} [] []
[2020-04-05 15:05:02] main.INFO: Cron Job newsletter_send_all is run [] []
[2020-04-05 15:05:03] main.INFO: Cron Job newsletter_send_all is successfully finished. Statistics: {"sum":0.031991004943848,"count":1,"realmem":0,"emalloc":336248,"realmem_start":55050240,"emalloc_start":51644744} [] []
[2020-04-05 15:05:03] main.INFO: Cron Job get_amazon_capture_updates is run [] []
[2020-04-05 15:05:03] main.INFO: Cron Job get_amazon_capture_updates is successfully finished. Statistics: {"sum":0.0052380561828613,"count":1,"realmem":0,"emalloc":51728,"realmem_start":55050240,"emalloc_start":52770960} [] []
[2020-04-05 15:05:03] main.INFO: Cron Job get_amazon_authorization_updates is run [] []
[2020-04-05 15:05:03] main.INFO: Cron Job get_amazon_authorization_updates is successfully finished. Statistics: {"sum":0.0099239349365234,"count":1,"realmem":0,"emalloc":57960,"realmem_start":59244544,"emalloc_start":56638224} [] []
[2020-04-05 15:05:03] main.INFO: Cron Job amazon_payments_process_queued_refunds is run [] []
[2020-04-05 15:05:03] main.INFO: Cron Job amazon_payments_process_queued_refunds is successfully finished. Statistics: {"sum":0.013242959976196,"count":1,"realmem":0,"emalloc":122712,"realmem_start":59244544,"emalloc_start":56711736} [] []
[2020-04-05 15:05:04] main.INFO: Cron Job indexer_reindex_all_invalid is run [] []
[2020-04-05 15:05:04] main.INFO: Cron Job indexer_reindex_all_invalid is successfully finished. Statistics: {"sum":0.037280082702637,"count":1,"realmem":0,"emalloc":555536,"realmem_start":50855936,"emalloc_start":46503840} [] []
[2020-04-05 15:05:04] main.INFO: Cron Job indexer_update_all_views is run [] []
[2020-04-05 15:05:04] main.INFO: Cron Job consumers_runner is run [] []
[2020-04-05 15:05:04] main.INFO: Consumer "async.operations.all" skipped as required connection "amqp" is not configured. Unknown connection name amqp [] []
[2020-04-05 15:05:04] main.INFO: Cron Job consumers_runner is successfully finished. Statistics: {"sum":0.0042719841003418,"count":1,"realmem":0,"emalloc":20640,"realmem_start":50855936,"emalloc_start":47004056} [] []
[2020-04-05 15:05:04] main.INFO: Cron Job yotpo_yotpo_orders_sync is run [] []
[2020-04-05 15:05:04] main.INFO: Cron Job yotpo_yotpo_orders_sync is successfully finished. Statistics: {"sum":0.0038130283355713,"count":1,"realmem":2097152,"emalloc":321192,"realmem_start":50855936,"emalloc_start":46965768} [] []
[2020-04-05 15:05:04] main.INFO: Cron Job ddg_automation_abandonedcarts is run [] []
[2020-04-05 15:05:04] main.INFO: Cron Job indexer_update_all_views is successfully finished. Statistics: {"sum":0.15621519088745,"count":1,"realmem":8388608,"emalloc":9342152,"realmem_start":50855936,"emalloc_start":47062416} [] []
[2020-04-05 15:05:04] main.INFO: Cron Job ddg_automation_abandonedcarts is successfully finished. Statistics: {"sum":0.010826826095581,"count":1,"realmem":0,"emalloc":635328,"realmem_start":59244544,"emalloc_start":55923400} [] []
[2020-04-05 15:05:04] main.INFO: Cron Job ddg_automation_campaign is run [] []
[2020-04-05 15:05:04] main.INFO: Cron Job ddg_automation_campaign is successfully finished. Statistics: {"sum":0.012837886810303,"count":1,"realmem":0,"emalloc":493464,"realmem_start":59244544,"emalloc_start":56559192} [] []
[2020-04-05 15:05:04] main.INFO: Cron Job ddg_automation_importer is run [] []
[2020-04-05 15:05:04] main.INFO: Cron Job ddg_automation_importer is successfully finished. Statistics: {"sum":0.013138055801392,"count":1,"realmem":0,"emalloc":767104,"realmem_start":59244544,"emalloc_start":57052328} [] []
[2020-04-05 15:05:47] main.DEBUG: cache_invalidate:  {"method":"GET","url":"http:/","invalidateInfo":{"tags":["FPC"],"mode":"matchingTag"}} []
[2020-04-05 15:05:47] main.DEBUG: cache_invalidate:  {"method":"GET","url":"http:/","invalidateInfo":{"tags":["CONFIG"],"mode":"matchingTag"}} []
[2020-04-05 15:05:47] main.DEBUG: cache_invalidate:  {"method":"GET","url":"http:/","invalidateInfo":{"tags":["LAYOUT_GENERAL_CACHE_TAG"],"mode":"matchingTag"}} []
[2020-04-05 15:05:47] main.DEBUG: cache_invalidate:  {"method":"GET","url":"http:/","invalidateInfo":{"tags":["BLOCK_HTML"],"mode":"matchingTag"}} []
[2020-04-05 15:05:47] main.DEBUG: cache_invalidate:  {"method":"GET","url":"http:/","invalidateInfo":{"tags":["COLLECTION_DATA"],"mode":"matchingTag"}} []
[2020-04-05 15:05:47] main.DEBUG: cache_invalidate:  {"method":"GET","url":"http:/","invalidateInfo":{"tags":["REFLECTION"],"mode":"matchingTag"}} []
[2020-04-05 15:05:47] main.DEBUG: cache_invalidate:  {"method":"GET","url":"http:/","invalidateInfo":{"tags":["DB_DDL"],"mode":"matchingTag"}} []
[2020-04-05 15:05:47] main.DEBUG: cache_invalidate:  {"method":"GET","url":"http:/","invalidateInfo":{"tags":["COMPILED_CONFIG"],"mode":"matchingTag"}} []
[2020-04-05 15:05:47] main.DEBUG: cache_invalidate:  {"method":"GET","url":"http:/","invalidateInfo":{"tags":["EAV"],"mode":"matchingTag"}} []
[2020-04-05 15:05:47] main.DEBUG: cache_invalidate:  {"method":"GET","url":"http:/","invalidateInfo":{"tags":["CUSTOMER_NOTIFICATION"],"mode":"matchingTag"}} []
[2020-04-05 15:05:47] main.DEBUG: cache_invalidate:  {"method":"GET","url":"http:/","invalidateInfo":{"tags":["INTEGRATION"],"mode":"matchingTag"}} []
[2020-04-05 15:05:47] main.DEBUG: cache_invalidate:  {"method":"GET","url":"http:/","invalidateInfo":{"tags":["INTEGRATION_API_CONFIG"],"mode":"matchingTag"}} []
[2020-04-05 15:05:47] main.DEBUG: cache_invalidate:  {"method":"GET","url":"http:/","invalidateInfo":{"tags":["GOOGLE_PRODUCT"],"mode":"matchingTag"}} []
[2020-04-05 15:05:47] main.DEBUG: cache_invalidate:  {"method":"GET","url":"http:/","invalidateInfo":{"tags":["FPC"],"mode":"matchingTag"}} []
[2020-04-05 15:05:47] main.DEBUG: cache_invalidate:  {"method":"GET","url":"http:/","invalidateInfo":{"tags":["WEBSERVICE"],"mode":"matchingTag"}} []
[2020-04-05 15:05:47] main.DEBUG: cache_invalidate:  {"method":"GET","url":"http:/","invalidateInfo":{"tags":["TRANSLATE"],"mode":"matchingTag"}} []
[2020-04-05 15:05:47] main.DEBUG: cache_invalidate:  {"method":"GET","url":"http:/","invalidateInfo":{"tags":["VERTEX"],"mode":"matchingTag"}} []
[2020-04-05 15:05:52] main.DEBUG: cache_invalidate:  {"method":"GET","url":"http:/","invalidateInfo":{"identifier":"interception"}} []
[2020-04-05 15:05:54] main.DEBUG: cache_invalidate:  {"method":"GET","url":"https://thenext.bearrunrun.com/","invalidateInfo":{"identifier":"interception"}} []
[2020-04-05 15:05:57] main.DEBUG: cache_invalidate:  {"method":"GET","url":"http:/","invalidateInfo":{"identifier":"LOCKED_RECORD_INFO_SYSTEM_CONFIG"}} []
[2020-04-05 15:05:57] main.DEBUG: cache_invalidate:  {"method":"GET","url":"http:/","invalidateInfo":{"tags":["FPC"],"mode":"matchingTag"}} []
[2020-04-05 15:05:58] main.DEBUG: cache_invalidate:  {"method":"GET","url":"https://thenext.bearrunrun.com/","invalidateInfo":{"identifier":"LOCKED_RECORD_INFO_SYSTEM_CONFIG"}} []
[2020-04-05 15:05:59] main.DEBUG: cache_invalidate:  {"method":"GET","url":"https://thenext.bearrunrun.com/","invalidateInfo":{"identifier":"LOCKED_RECORD_INFO_BLOCK_fa29b7dbaa3f85be393abd6a03effbf9fc76e9d2"}} []
[2020-04-05 15:06:01] main.DEBUG: cache_invalidate:  {"method":"GET","url":"https://thenext.bearrunrun.com/static/version1586098168/frontend/Smartwave/porto/en_US/css/styles-l.css?resource=frontend/Smartwave/porto/en_US/css/styles-l.css","invalidateInfo":{"identifier":"interception"}} []
[2020-04-05 15:06:02] main.DEBUG: cache_invalidate:  {"method":"GET","url":"http:/","invalidateInfo":{"identifier":"interception"}} []
[2020-04-05 15:06:02] main.DEBUG: cache_invalidate:  {"method":"GET","url":"http:/","invalidateInfo":{"identifier":"interception"}} []
[2020-04-05 15:06:02] main.DEBUG: cache_invalidate:  {"method":"GET","url":"https://thenext.bearrunrun.com/static/version1586098168/frontend/Smartwave/porto/en_US/css/styles-m.css?resource=frontend/Smartwave/porto/en_US/css/styles-m.css","invalidateInfo":{"identifier":"interception"}} []
[2020-04-05 15:06:07] main.ERROR: variable @mobile-cart-padding is undefined in file /home/thenext/domains/thenext.bearrunrun.com/public_html/var/view_preprocessed/pub/static/frontend/Smartwave/porto/en_US/css/source/_extends.less in _extends.less on line 755, column 57
753| .abs-toggling-title {
754|     @abs-toggling-title();
755|     .lib-css(padding, @indent__s @indent__xl @indent__s @mobile-cart-padding);
756|     .lib-icon-font(
757|         @icon-down,
758|         @_icon-font-size: 12px, [] []
[2020-04-05 15:06:07] main.CRITICAL: variable @mobile-cart-padding is undefined in file /home/thenext/domains/thenext.bearrunrun.com/public_html/var/view_preprocessed/pub/static/frontend/Smartwave/porto/en_US/css/source/_extends.less in _extends.less on line 755, column 57
753| .abs-toggling-title {
754|     @abs-toggling-title();
755|     .lib-css(padding, @indent__s @indent__xl @indent__s @mobile-cart-padding);
756|     .lib-icon-font(
757|         @icon-down,
758|         @_icon-font-size: 12px, [] []
[2020-04-05 15:06:07] main.INFO: 0 cron jobs were cleaned [] []
[2020-04-05 15:06:08] main.INFO: Cron Job catalog_product_outdated_price_values_cleanup is run [] []
[2020-04-05 15:06:08] main.INFO: Cron Job catalog_product_outdated_price_values_cleanup is successfully finished. Statistics: {"sum":0.00099611282348633,"count":1,"realmem":0,"emalloc":704,"realmem_start":80740352,"emalloc_start":75310056} [] []
[2020-04-05 15:06:08] main.INFO: Cron Job catalog_product_frontend_actions_flush is run [] []
[2020-04-05 15:06:08] main.INFO: Cron Job catalog_product_frontend_actions_flush is successfully finished. Statistics: {"sum":0.0011489391326904,"count":1,"realmem":0,"emalloc":1128,"realmem_start":80740352,"emalloc_start":75338504} [] []
[2020-04-05 15:06:08] main.INFO: Cron Job sales_grid_order_async_insert is run [] []
[2020-04-05 15:06:08] main.INFO: Cron Job sales_grid_order_async_insert is successfully finished. Statistics: {"sum":0.00082898139953613,"count":1,"realmem":0,"emalloc":752,"realmem_start":80740352,"emalloc_start":75392576} [] []
[2020-04-05 15:06:08] main.INFO: Cron Job sales_grid_order_invoice_async_insert is run [] []
[2020-04-05 15:06:08] main.INFO: Cron Job sales_grid_order_invoice_async_insert is successfully finished. Statistics: {"sum":0.00090599060058594,"count":1,"realmem":0,"emalloc":752,"realmem_start":80740352,"emalloc_start":75396088} [] []
[2020-04-05 15:06:08] main.INFO: Cron Job sales_grid_order_shipment_async_insert is run [] []
[2020-04-05 15:06:08] main.INFO: Cron Job sales_grid_order_shipment_async_insert is successfully finished. Statistics: {"sum":0.00062394142150879,"count":1,"realmem":0,"emalloc":752,"realmem_start":80740352,"emalloc_start":75398960} [] []
[2020-04-05 15:06:08] main.INFO: Cron Job sales_grid_order_creditmemo_async_insert is run [] []
[2020-04-05 15:06:08] main.INFO: Cron Job sales_grid_order_creditmemo_async_insert is successfully finished. Statistics: {"sum":0.0006260871887207,"count":1,"realmem":0,"emalloc":752,"realmem_start":80740352,"emalloc_start":75401832} [] []
[2020-04-05 15:06:08] main.INFO: Cron Job sales_send_order_emails is run [] []
[2020-04-05 15:06:08] main.INFO: Cron Job sales_send_order_emails is successfully finished. Statistics: {"sum":0.00087308883666992,"count":1,"realmem":0,"emalloc":832,"realmem_start":80740352,"emalloc_start":77886728} [] []
[2020-04-05 15:06:08] main.INFO: Cron Job sales_send_order_invoice_emails is run [] []
[2020-04-05 15:06:08] main.INFO: Cron Job sales_send_order_invoice_emails is successfully finished. Statistics: {"sum":0.00097298622131348,"count":1,"realmem":0,"emalloc":752,"realmem_start":80740352,"emalloc_start":78278080} [] []
[2020-04-05 15:06:08] main.INFO: Cron Job sales_send_order_shipment_emails is run [] []
[2020-04-05 15:06:08] main.INFO: Cron Job sales_send_order_shipment_emails is successfully finished. Statistics: {"sum":0.00082707405090332,"count":1,"realmem":0,"emalloc":752,"realmem_start":82837504,"emalloc_start":78606944} [] []
[2020-04-05 15:06:08] main.INFO: Cron Job sales_send_order_creditmemo_emails is run [] []
[2020-04-05 15:06:08] main.INFO: Cron Job sales_send_order_creditmemo_emails is successfully finished. Statistics: {"sum":0.00067305564880371,"count":1,"realmem":0,"emalloc":752,"realmem_start":82837504,"emalloc_start":78924000} [] []
[2020-04-05 15:06:08] main.INFO: Cron Job outdated_authentication_failures_cleanup is run [] []
[2020-04-05 15:06:08] main.INFO: Cron Job outdated_authentication_failures_cleanup is successfully finished. Statistics: {"sum":0.00091099739074707,"count":1,"realmem":0,"emalloc":1128,"realmem_start":82837504,"emalloc_start":78948280} [] []
[2020-04-05 15:06:08] main.INFO: Cron Job bulk_cleanup is run [] []
[2020-04-05 15:06:08] main.INFO: Cron Job bulk_cleanup is successfully finished. Statistics: {"sum":0.010730981826782,"count":1,"realmem":0,"emalloc":5424,"realmem_start":82837504,"emalloc_start":78963368} [] []
[2020-04-05 15:06:08] main.INFO: Cron Job magento_newrelicreporting_cron is run [] []
[2020-04-05 15:06:08] main.INFO: Cron Job magento_newrelicreporting_cron is successfully finished. Statistics: {"sum":0.00083804130554199,"count":1,"realmem":0,"emalloc":672,"realmem_start":82837504,"emalloc_start":80037032} [] []
[2020-04-05 15:06:09] main.ERROR: variable @mobile-cart-padding is undefined in file /home/thenext/domains/thenext.bearrunrun.com/public_html/var/view_preprocessed/pub/static/frontend/Smartwave/porto/en_US/css/source/_extends.less in _extends.less on line 755, column 57
753| .abs-toggling-title {
754|     @abs-toggling-title();
755|     .lib-css(padding, @indent__s @indent__xl @indent__s @mobile-cart-padding);
756|     .lib-icon-font(
757|         @icon-down,
758|         @_icon-font-size: 12px, [] []
[2020-04-05 15:06:09] main.CRITICAL: variable @mobile-cart-padding is undefined in file /home/thenext/domains/thenext.bearrunrun.com/public_html/var/view_preprocessed/pub/static/frontend/Smartwave/porto/en_US/css/source/_extends.less in _extends.less on line 755, column 57
753| .abs-toggling-title {
754|     @abs-toggling-title();
755|     .lib-css(padding, @indent__s @indent__xl @indent__s @mobile-cart-padding);
756|     .lib-icon-font(
757|         @icon-down,
758|         @_icon-font-size: 12px, [] []
[2020-04-05 15:06:09] main.INFO: 5 cron jobs were cleaned [] []
[2020-04-05 15:06:09] main.INFO: 10 cron jobs were cleaned [] []
[2020-04-05 15:06:09] main.INFO: Cron Job yotpo_yotpo_orders_sync is run [] []
[2020-04-05 15:06:09] main.INFO: Cron Job indexer_reindex_all_invalid is run [] []
[2020-04-05 15:06:09] main.INFO: Cron Job indexer_reindex_all_invalid is successfully finished. Statistics: {"sum":0.012799978256226,"count":1,"realmem":0,"emalloc":538200,"realmem_start":50855936,"emalloc_start":46523176} [] []
[2020-04-05 15:06:09] main.INFO: Cron Job indexer_update_all_views is run [] []
[2020-04-05 15:06:09] main.INFO: Cron Job yotpo_yotpo_orders_sync is successfully finished. Statistics: {"sum":0.10282802581787,"count":1,"realmem":2097152,"emalloc":442944,"realmem_start":50855936,"emalloc_start":46985104} [] []
[2020-04-05 15:06:10] main.INFO: Cron Job indexer_update_all_views is successfully finished. Statistics: {"sum":0.18266916275024,"count":1,"realmem":8388608,"emalloc":9428712,"realmem_start":50855936,"emalloc_start":47089968} [] []
[2020-04-05 15:06:10] main.INFO: Cron Job consumers_runner is run [] []
[2020-04-05 15:06:10] main.INFO: Consumer "async.operations.all" skipped as required connection "amqp" is not configured. Unknown connection name amqp [] []
[2020-04-05 15:06:10] main.INFO: Cron Job consumers_runner is successfully finished. Statistics: {"sum":0.0020821094512939,"count":1,"realmem":0,"emalloc":20696,"realmem_start":59244544,"emalloc_start":56573336} [] []
[2020-04-05 15:07:01] main.INFO: Cron Job catalog_product_outdated_price_values_cleanup is run [] []
[2020-04-05 15:07:01] main.INFO: Cron Job catalog_product_outdated_price_values_cleanup is successfully finished. Statistics: {"sum":0.00090217590332031,"count":1,"realmem":0,"emalloc":85576,"realmem_start":50855936,"emalloc_start":46886424} [] []
[2020-04-05 15:07:01] main.INFO: Cron Job catalog_product_frontend_actions_flush is run [] []
[2020-04-05 15:07:01] main.INFO: Cron Job catalog_product_frontend_actions_flush is successfully finished. Statistics: {"sum":0.00085115432739258,"count":1,"realmem":0,"emalloc":1128,"realmem_start":50855936,"emalloc_start":47004080} [] []
[2020-04-05 15:07:02] main.INFO: Cron Job sales_grid_order_async_insert is run [] []
[2020-04-05 15:07:02] main.INFO: Cron Job sales_grid_order_async_insert is successfully finished. Statistics: {"sum":0.00047206878662109,"count":1,"realmem":0,"emalloc":752,"realmem_start":50855936,"emalloc_start":47280336} [] []
[2020-04-05 15:07:02] main.INFO: Cron Job sales_grid_order_invoice_async_insert is run [] []
[2020-04-05 15:07:02] main.INFO: Cron Job sales_grid_order_invoice_async_insert is successfully finished. Statistics: {"sum":0.00042605400085449,"count":1,"realmem":0,"emalloc":752,"realmem_start":50855936,"emalloc_start":47283848} [] []
[2020-04-05 15:07:02] main.INFO: Cron Job sales_grid_order_shipment_async_insert is run [] []
[2020-04-05 15:07:02] main.INFO: Cron Job sales_grid_order_shipment_async_insert is successfully finished. Statistics: {"sum":0.00041890144348145,"count":1,"realmem":0,"emalloc":752,"realmem_start":50855936,"emalloc_start":47286720} [] []
[2020-04-05 15:07:02] main.INFO: Cron Job sales_grid_order_creditmemo_async_insert is run [] []
[2020-04-05 15:07:02] main.INFO: Cron Job sales_grid_order_creditmemo_async_insert is successfully finished. Statistics: {"sum":0.00044989585876465,"count":1,"realmem":0,"emalloc":752,"realmem_start":50855936,"emalloc_start":47289592} [] []
[2020-04-05 15:07:02] main.INFO: Cron Job sales_send_order_emails is run [] []
[2020-04-05 15:07:02] main.INFO: Cron Job sales_send_order_emails is successfully finished. Statistics: {"sum":0.00056219100952148,"count":1,"realmem":0,"emalloc":720,"realmem_start":52953088,"emalloc_start":50428608} [] []
[2020-04-05 15:07:02] main.INFO: Cron Job sales_send_order_invoice_emails is run [] []
[2020-04-05 15:07:02] main.INFO: Cron Job sales_send_order_invoice_emails is successfully finished. Statistics: {"sum":0.00052499771118164,"count":1,"realmem":0,"emalloc":752,"realmem_start":52953088,"emalloc_start":50790264} [] []
[2020-04-05 15:07:02] main.INFO: Cron Job sales_send_order_shipment_emails is run [] []
[2020-04-05 15:07:02] main.INFO: Cron Job sales_send_order_shipment_emails is successfully finished. Statistics: {"sum":0.00056600570678711,"count":1,"realmem":0,"emalloc":752,"realmem_start":52953088,"emalloc_start":51135480} [] []
[2020-04-05 15:07:02] main.INFO: Cron Job sales_send_order_creditmemo_emails is run [] []
[2020-04-05 15:07:02] main.INFO: Cron Job sales_send_order_creditmemo_emails is successfully finished. Statistics: {"sum":0.0006260871887207,"count":1,"realmem":0,"emalloc":752,"realmem_start":55050240,"emalloc_start":51484176} [] []
[2020-04-05 15:07:02] main.INFO: Cron Job outdated_authentication_failures_cleanup is run [] []
[2020-04-05 15:07:02] main.INFO: Cron Job outdated_authentication_failures_cleanup is successfully finished. Statistics: {"sum":0.00091409683227539,"count":1,"realmem":0,"emalloc":1128,"realmem_start":55050240,"emalloc_start":51529008} [] []
[2020-04-05 15:07:02] main.INFO: Cron Job bulk_cleanup is run [] []
[2020-04-05 15:07:02] main.INFO: Cron Job bulk_cleanup is successfully finished. Statistics: {"sum":0.00097990036010742,"count":1,"realmem":0,"emalloc":5424,"realmem_start":55050240,"emalloc_start":51544096} [] []
[2020-04-05 15:07:03] main.INFO: Cron Job consumers_runner is run [] []
[2020-04-05 15:07:03] main.INFO: Consumer "async.operations.all" skipped as required connection "amqp" is not configured. Unknown connection name amqp [] []
[2020-04-05 15:07:03] main.INFO: Cron Job consumers_runner is successfully finished. Statistics: {"sum":0.003838062286377,"count":1,"realmem":0,"emalloc":20640,"realmem_start":50855936,"emalloc_start":47007392} [] []
[2020-04-05 15:07:03] main.INFO: Cron Job indexer_reindex_all_invalid is run [] []
[2020-04-05 15:07:03] main.INFO: Cron Job indexer_reindex_all_invalid is successfully finished. Statistics: {"sum":0.01259708404541,"count":1,"realmem":0,"emalloc":555536,"realmem_start":50855936,"emalloc_start":46500776} [] []
[2020-04-05 15:07:03] main.INFO: Cron Job indexer_update_all_views is run [] []
[2020-04-05 15:07:03] main.INFO: Cron Job yotpo_yotpo_orders_sync is run [] []
[2020-04-05 15:07:03] main.INFO: Cron Job yotpo_yotpo_orders_sync is successfully finished. Statistics: {"sum":0.0051648616790771,"count":1,"realmem":0,"emalloc":321192,"realmem_start":50855936,"emalloc_start":46964472} [] []
[2020-04-05 15:07:03] main.INFO: Cron Job indexer_update_all_views is successfully finished. Statistics: {"sum":0.12337493896484,"count":1,"realmem":8388608,"emalloc":9341832,"realmem_start":50855936,"emalloc_start":47059352} [] []
[2020-04-05 15:08:02] main.INFO: Cron Job catalog_product_outdated_price_values_cleanup is run [] []
[2020-04-05 15:08:02] main.INFO: Cron Job catalog_product_outdated_price_values_cleanup is successfully finished. Statistics: {"sum":0.001147985458374,"count":1,"realmem":0,"emalloc":85576,"realmem_start":50855936,"emalloc_start":46872896} [] []
[2020-04-05 15:08:02] main.INFO: Cron Job catalog_product_frontend_actions_flush is run [] []
[2020-04-05 15:08:02] main.INFO: Cron Job catalog_product_frontend_actions_flush is successfully finished. Statistics: {"sum":0.0010361671447754,"count":1,"realmem":0,"emalloc":1128,"realmem_start":50855936,"emalloc_start":46990552} [] []
[2020-04-05 15:08:02] main.INFO: Cron Job sales_grid_order_async_insert is run [] []
[2020-04-05 15:08:02] main.INFO: Cron Job sales_grid_order_async_insert is successfully finished. Statistics: {"sum":0.0005800724029541,"count":1,"realmem":0,"emalloc":752,"realmem_start":50855936,"emalloc_start":47266808} [] []
[2020-04-05 15:08:02] main.INFO: Cron Job sales_grid_order_invoice_async_insert is run [] []
[2020-04-05 15:08:02] main.INFO: Cron Job sales_grid_order_invoice_async_insert is successfully finished. Statistics: {"sum":0.00054407119750977,"count":1,"realmem":0,"emalloc":752,"realmem_start":50855936,"emalloc_start":47270320} [] []
[2020-04-05 15:08:02] main.INFO: Cron Job sales_grid_order_shipment_async_insert is run [] []
[2020-04-05 15:08:02] main.INFO: Cron Job sales_grid_order_shipment_async_insert is successfully finished. Statistics: {"sum":0.00062203407287598,"count":1,"realmem":0,"emalloc":752,"realmem_start":50855936,"emalloc_start":47273192} [] []
[2020-04-05 15:08:02] main.INFO: Cron Job sales_grid_order_creditmemo_async_insert is run [] []
[2020-04-05 15:08:02] main.INFO: Cron Job sales_grid_order_creditmemo_async_insert is successfully finished. Statistics: {"sum":0.0010030269622803,"count":1,"realmem":0,"emalloc":752,"realmem_start":50855936,"emalloc_start":47276064} [] []
[2020-04-05 15:08:02] main.INFO: Cron Job sales_send_order_emails is run [] []
[2020-04-05 15:08:02] main.INFO: Cron Job sales_send_order_emails is successfully finished. Statistics: {"sum":0.00081205368041992,"count":1,"realmem":0,"emalloc":720,"realmem_start":52953088,"emalloc_start":50415080} [] []
[2020-04-05 15:08:02] main.INFO: Cron Job sales_send_order_invoice_emails is run [] []
[2020-04-05 15:08:02] main.INFO: Cron Job sales_send_order_invoice_emails is successfully finished. Statistics: {"sum":0.00088596343994141,"count":1,"realmem":0,"emalloc":752,"realmem_start":52953088,"emalloc_start":50776736} [] []
[2020-04-05 15:08:03] main.INFO: Cron Job sales_send_order_shipment_emails is run [] []
[2020-04-05 15:08:03] main.INFO: Cron Job sales_send_order_shipment_emails is successfully finished. Statistics: {"sum":0.00084996223449707,"count":1,"realmem":0,"emalloc":752,"realmem_start":52953088,"emalloc_start":51121952} [] []
[2020-04-05 15:08:03] main.INFO: Cron Job sales_send_order_creditmemo_emails is run [] []
[2020-04-05 15:08:03] main.INFO: Cron Job sales_send_order_creditmemo_emails is successfully finished. Statistics: {"sum":0.00073814392089844,"count":1,"realmem":0,"emalloc":752,"realmem_start":55050240,"emalloc_start":51470648} [] []
[2020-04-05 15:08:03] main.INFO: Cron Job outdated_authentication_failures_cleanup is run [] []
[2020-04-05 15:08:03] main.INFO: Cron Job outdated_authentication_failures_cleanup is successfully finished. Statistics: {"sum":0.0011389255523682,"count":1,"realmem":0,"emalloc":1128,"realmem_start":55050240,"emalloc_start":51515480} [] []
[2020-04-05 15:08:03] main.INFO: Cron Job bulk_cleanup is run [] []
[2020-04-05 15:08:03] main.INFO: Cron Job bulk_cleanup is successfully finished. Statistics: {"sum":0.0011038780212402,"count":1,"realmem":0,"emalloc":5424,"realmem_start":55050240,"emalloc_start":51530568} [] []
[2020-04-05 15:08:03] main.INFO: Cron Job magento_newrelicreporting_cron is run [] []
[2020-04-05 15:08:03] main.INFO: Cron Job magento_newrelicreporting_cron is successfully finished. Statistics: {"sum":0.00088405609130859,"count":1,"realmem":0,"emalloc":672,"realmem_start":55050240,"emalloc_start":53265904} [] []
[2020-04-05 15:08:03] main.INFO: Cron Job indexer_reindex_all_invalid is run [] []
[2020-04-05 15:08:04] main.INFO: Cron Job yotpo_yotpo_orders_sync is run [] []
[2020-04-05 15:08:04] main.INFO: Cron Job yotpo_yotpo_orders_sync is successfully finished. Statistics: {"sum":0.010380029678345,"count":1,"realmem":2097152,"emalloc":321192,"realmem_start":50855936,"emalloc_start":46965768} [] []
[2020-04-05 15:08:04] main.INFO: Cron Job consumers_runner is run [] []
[2020-04-05 15:08:04] main.INFO: Consumer "async.operations.all" skipped as required connection "amqp" is not configured. Unknown connection name amqp [] []
[2020-04-05 15:08:04] main.INFO: Cron Job consumers_runner is successfully finished. Statistics: {"sum":0.0051710605621338,"count":1,"realmem":0,"emalloc":20640,"realmem_start":50855936,"emalloc_start":47196776} [] []
[2020-04-05 15:08:04] main.INFO: Cron Job indexer_reindex_all_invalid is successfully finished. Statistics: {"sum":0.046250104904175,"count":1,"realmem":0,"emalloc":555536,"realmem_start":50855936,"emalloc_start":46503840} [] []
[2020-04-05 15:08:04] main.INFO: Cron Job indexer_update_all_views is run [] []
[2020-04-05 15:08:04] main.INFO: Cron Job indexer_update_all_views is successfully finished. Statistics: {"sum":0.18204212188721,"count":1,"realmem":8388608,"emalloc":9342152,"realmem_start":50855936,"emalloc_start":47062416} [] []
[2020-04-05 15:09:01] main.INFO: Cron Job catalog_product_outdated_price_values_cleanup is run [] []
[2020-04-05 15:09:01] main.INFO: Cron Job catalog_product_outdated_price_values_cleanup is successfully finished. Statistics: {"sum":0.00091290473937988,"count":1,"realmem":0,"emalloc":85576,"realmem_start":50855936,"emalloc_start":46841864} [] []
[2020-04-05 15:09:01] main.INFO: Cron Job catalog_product_frontend_actions_flush is run [] []
[2020-04-05 15:09:01] main.INFO: Cron Job catalog_product_frontend_actions_flush is successfully finished. Statistics: {"sum":0.00089406967163086,"count":1,"realmem":0,"emalloc":1128,"realmem_start":50855936,"emalloc_start":46959520} [] []
[2020-04-05 15:09:01] main.INFO: Cron Job sales_grid_order_async_insert is run [] []
[2020-04-05 15:09:01] main.INFO: Cron Job sales_grid_order_async_insert is successfully finished. Statistics: {"sum":0.00050091743469238,"count":1,"realmem":0,"emalloc":752,"realmem_start":50855936,"emalloc_start":47235776} [] []
[2020-04-05 15:09:01] main.INFO: Cron Job sales_grid_order_invoice_async_insert is run [] []
[2020-04-05 15:09:01] main.INFO: Cron Job sales_grid_order_invoice_async_insert is successfully finished. Statistics: {"sum":0.00046205520629883,"count":1,"realmem":0,"emalloc":752,"realmem_start":50855936,"emalloc_start":47239288} [] []
[2020-04-05 15:09:01] main.INFO: Cron Job sales_grid_order_shipment_async_insert is run [] []
[2020-04-05 15:09:01] main.INFO: Cron Job sales_grid_order_shipment_async_insert is successfully finished. Statistics: {"sum":0.00043916702270508,"count":1,"realmem":0,"emalloc":752,"realmem_start":50855936,"emalloc_start":47242160} [] []
[2020-04-05 15:09:01] main.INFO: Cron Job sales_grid_order_creditmemo_async_insert is run [] []
[2020-04-05 15:09:01] main.INFO: Cron Job sales_grid_order_creditmemo_async_insert is successfully finished. Statistics: {"sum":0.00049495697021484,"count":1,"realmem":0,"emalloc":752,"realmem_start":50855936,"emalloc_start":47245032} [] []
[2020-04-05 15:09:02] main.INFO: Cron Job sales_send_order_emails is run [] []
[2020-04-05 15:09:02] main.INFO: Cron Job sales_send_order_emails is successfully finished. Statistics: {"sum":0.00056195259094238,"count":1,"realmem":0,"emalloc":720,"realmem_start":52953088,"emalloc_start":50384048} [] []
[2020-04-05 15:09:02] main.INFO: Cron Job sales_send_order_invoice_emails is run [] []
[2020-04-05 15:09:02] main.INFO: Cron Job sales_send_order_invoice_emails is successfully finished. Statistics: {"sum":0.00049114227294922,"count":1,"realmem":0,"emalloc":752,"realmem_start":52953088,"emalloc_start":50745704} [] []
[2020-04-05 15:09:02] main.INFO: Cron Job sales_send_order_shipment_emails is run [] []
[2020-04-05 15:09:02] main.INFO: Cron Job sales_send_order_shipment_emails is successfully finished. Statistics: {"sum":0.00057387351989746,"count":1,"realmem":0,"emalloc":752,"realmem_start":52953088,"emalloc_start":51090920} [] []
[2020-04-05 15:09:02] main.INFO: Cron Job sales_send_order_creditmemo_emails is run [] []
[2020-04-05 15:09:02] main.INFO: Cron Job sales_send_order_creditmemo_emails is successfully finished. Statistics: {"sum":0.00047898292541504,"count":1,"realmem":0,"emalloc":752,"realmem_start":55050240,"emalloc_start":51439616} [] []
[2020-04-05 15:09:02] main.INFO: Cron Job outdated_authentication_failures_cleanup is run [] []
[2020-04-05 15:09:02] main.INFO: Cron Job outdated_authentication_failures_cleanup is successfully finished. Statistics: {"sum":0.00091314315795898,"count":1,"realmem":0,"emalloc":1128,"realmem_start":55050240,"emalloc_start":51484448} [] []
[2020-04-05 15:09:02] main.INFO: Cron Job bulk_cleanup is run [] []
[2020-04-05 15:09:02] main.INFO: Cron Job bulk_cleanup is successfully finished. Statistics: {"sum":0.00098705291748047,"count":1,"realmem":0,"emalloc":5424,"realmem_start":55050240,"emalloc_start":51499536} [] []
[2020-04-05 15:09:03] main.INFO: Cron Job consumers_runner is run [] []
[2020-04-05 15:09:03] main.INFO: Consumer "async.operations.all" skipped as required connection "amqp" is not configured. Unknown connection name amqp [] []
[2020-04-05 15:09:03] main.INFO: Cron Job consumers_runner is successfully finished. Statistics: {"sum":0.0023469924926758,"count":1,"realmem":0,"emalloc":20640,"realmem_start":50855936,"emalloc_start":47005168} [] []
[2020-04-05 15:09:03] main.INFO: Cron Job indexer_reindex_all_invalid is run [] []
[2020-04-05 15:09:03] main.INFO: Cron Job indexer_reindex_all_invalid is successfully finished. Statistics: {"sum":0.014466047286987,"count":1,"realmem":0,"emalloc":555536,"realmem_start":50855936,"emalloc_start":46503840} [] []
[2020-04-05 15:09:03] main.INFO: Cron Job indexer_update_all_views is run [] []
[2020-04-05 15:09:03] main.INFO: Cron Job yotpo_yotpo_orders_sync is run [] []
[2020-04-05 15:09:03] main.INFO: Cron Job yotpo_yotpo_orders_sync is successfully finished. Statistics: {"sum":0.0034310817718506,"count":1,"realmem":2097152,"emalloc":321192,"realmem_start":50855936,"emalloc_start":46965768} [] []
[2020-04-05 15:09:03] main.INFO: Cron Job indexer_update_all_views is successfully finished. Statistics: {"sum":0.11795806884766,"count":1,"realmem":8388608,"emalloc":9342152,"realmem_start":50855936,"emalloc_start":47062416} [] []
[2020-04-05 15:09:30] main.ERROR: NOTE: Manual static content deployment is not required in "default" and "developer" modes.
In "default" and "developer" modes static contents are being deployed automatically on demand.
If you still want to deploy in these modes, use -f option: 'bin/magento setup:static-content:deploy -f'
#0 /home/thenext/domains/thenext.bearrunrun.com/public_html/vendor/symfony/console/Command/Command.php(255): Magento\Setup\Console\Command\DeployStaticContentCommand->execute(Object(Symfony\Component\Console\Input\ArgvInput), Object(Symfony\Component\Console\Output\ConsoleOutput))
#1 /home/thenext/domains/thenext.bearrunrun.com/public_html/vendor/symfony/console/Application.php(893): Symfony\Component\Console\Command\Command->run(Object(Symfony\Component\Console\Input\ArgvInput), Object(Symfony\Component\Console\Output\ConsoleOutput))
#2 /home/thenext/domains/thenext.bearrunrun.com/public_html/vendor/symfony/console/Application.php(262): Symfony\Component\Console\Application->doRunCommand(Object(Magento\Setup\Console\Command\DeployStaticContentCommand), Object(Symfony\Component\Console\Input\ArgvInput), Object(Symfony\Component\Console\Output\ConsoleOutput))
#3 /home/thenext/domains/thenext.bearrunrun.com/public_html/vendor/magento/framework/Console/Cli.php(115): Symfony\Component\Console\Application->doRun(Object(Symfony\Component\Console\Input\ArgvInput), Object(Symfony\Component\Console\Output\ConsoleOutput))
#4 /home/thenext/domains/thenext.bearrunrun.com/public_html/vendor/symfony/console/Application.php(145): Magento\Framework\Console\Cli->doRun(Object(Symfony\Component\Console\Input\ArgvInput), Object(Symfony\Component\Console\Output\ConsoleOutput))
#5 /home/thenext/domains/thenext.bearrunrun.com/public_html/bin/magento(23): Symfony\Component\Console\Application->run()
#6 {main} [] []
[2020-04-05 15:10:02] main.INFO: Cron Job catalog_product_outdated_price_values_cleanup is run [] []
[2020-04-05 15:10:02] main.INFO: Cron Job catalog_product_outdated_price_values_cleanup is successfully finished. Statistics: {"sum":0.001317024230957,"count":1,"realmem":0,"emalloc":85576,"realmem_start":50855936,"emalloc_start":46828336} [] []
[2020-04-05 15:10:02] main.INFO: Cron Job catalog_product_frontend_actions_flush is run [] []
[2020-04-05 15:10:02] main.INFO: Cron Job catalog_product_frontend_actions_flush is successfully finished. Statistics: {"sum":0.0012071132659912,"count":1,"realmem":0,"emalloc":1128,"realmem_start":50855936,"emalloc_start":46945992} [] []
[2020-04-05 15:10:02] main.INFO: Cron Job catalog_product_attribute_value_synchronize is run [] []
[2020-04-05 15:10:02] main.INFO: Cron Job catalog_product_attribute_value_synchronize is successfully finished. Statistics: {"sum":0.0019688606262207,"count":1,"realmem":0,"emalloc":24528,"realmem_start":50855936,"emalloc_start":47171680} [] []
[2020-04-05 15:10:02] main.INFO: Cron Job sales_grid_order_async_insert is run [] []
[2020-04-05 15:10:02] main.INFO: Cron Job sales_grid_order_async_insert is successfully finished. Statistics: {"sum":0.00069093704223633,"count":1,"realmem":0,"emalloc":752,"realmem_start":50855936,"emalloc_start":47307520} [] []
[2020-04-05 15:10:02] main.INFO: Cron Job sales_grid_order_invoice_async_insert is run [] []
[2020-04-05 15:10:02] main.INFO: Cron Job sales_grid_order_invoice_async_insert is successfully finished. Statistics: {"sum":0.00053906440734863,"count":1,"realmem":0,"emalloc":752,"realmem_start":50855936,"emalloc_start":47311032} [] []
[2020-04-05 15:10:02] main.INFO: Cron Job sales_grid_order_shipment_async_insert is run [] []
[2020-04-05 15:10:02] main.INFO: Cron Job sales_grid_order_shipment_async_insert is successfully finished. Statistics: {"sum":0.0004570484161377,"count":1,"realmem":0,"emalloc":752,"realmem_start":50855936,"emalloc_start":47313904} [] []
[2020-04-05 15:10:02] main.INFO: Cron Job sales_grid_order_creditmemo_async_insert is run [] []
[2020-04-05 15:10:02] main.INFO: Cron Job sales_grid_order_creditmemo_async_insert is successfully finished. Statistics: {"sum":0.00050687789916992,"count":1,"realmem":0,"emalloc":752,"realmem_start":50855936,"emalloc_start":47316776} [] []
[2020-04-05 15:10:02] main.INFO: Cron Job sales_send_order_emails is run [] []
[2020-04-05 15:10:02] main.INFO: Cron Job sales_send_order_emails is successfully finished. Statistics: {"sum":0.00060009956359863,"count":1,"realmem":0,"emalloc":720,"realmem_start":52953088,"emalloc_start":50521328} [] []
[2020-04-05 15:10:02] main.INFO: Cron Job sales_send_order_invoice_emails is run [] []
[2020-04-05 15:10:02] main.INFO: Cron Job sales_send_order_invoice_emails is successfully finished. Statistics: {"sum":0.00052094459533691,"count":1,"realmem":0,"emalloc":752,"realmem_start":52953088,"emalloc_start":50882984} [] []
[2020-04-05 15:10:02] main.INFO: Cron Job sales_send_order_shipment_emails is run [] []
[2020-04-05 15:10:02] main.INFO: Cron Job sales_send_order_shipment_emails is successfully finished. Statistics: {"sum":0.00059604644775391,"count":1,"realmem":0,"emalloc":752,"realmem_start":52953088,"emalloc_start":51203944} [] []
[2020-04-05 15:10:02] main.INFO: Cron Job sales_send_order_creditmemo_emails is run [] []
[2020-04-05 15:10:02] main.INFO: Cron Job sales_send_order_creditmemo_emails is successfully finished. Statistics: {"sum":0.00061893463134766,"count":1,"realmem":0,"emalloc":752,"realmem_start":55050240,"emalloc_start":51597376} [] []
[2020-04-05 15:10:02] main.INFO: Cron Job captcha_delete_expired_images is run [] []
[2020-04-05 15:10:02] main.INFO: Cron Job captcha_delete_expired_images is successfully finished. Statistics: {"sum":0.042441844940186,"count":1,"realmem":0,"emalloc":962616,"realmem_start":55050240,"emalloc_start":51634648} [] []
[2020-04-05 15:10:02] main.INFO: Cron Job outdated_authentication_failures_cleanup is run [] []
[2020-04-05 15:10:02] main.INFO: Cron Job outdated_authentication_failures_cleanup is successfully finished. Statistics: {"sum":0.0061769485473633,"count":1,"realmem":0,"emalloc":1128,"realmem_start":55050240,"emalloc_start":52625024} [] []
[2020-04-05 15:10:02] main.INFO: Cron Job bulk_cleanup is run [] []
[2020-04-05 15:10:02] main.INFO: Cron Job bulk_cleanup is successfully finished. Statistics: {"sum":0.00098204612731934,"count":1,"realmem":0,"emalloc":5424,"realmem_start":55050240,"emalloc_start":52633896} [] []
[2020-04-05 15:10:03] main.INFO: Cron Job magento_newrelicreporting_cron is run [] []
[2020-04-05 15:10:03] main.INFO: Cron Job magento_newrelicreporting_cron is successfully finished. Statistics: {"sum":0.00071191787719727,"count":1,"realmem":0,"emalloc":672,"realmem_start":57147392,"emalloc_start":54301456} [] []
[2020-04-05 15:10:03] main.INFO: Cron Job newsletter_send_all is run [] []
[2020-04-05 15:10:03] main.INFO: Cron Job newsletter_send_all is successfully finished. Statistics: {"sum":0.041206836700439,"count":1,"realmem":0,"emalloc":401320,"realmem_start":57147392,"emalloc_start":54310864} [] []
[2020-04-05 15:10:03] main.INFO: Cron Job get_amazon_capture_updates is run [] []
[2020-04-05 15:10:03] main.INFO: Cron Job get_amazon_capture_updates is successfully finished. Statistics: {"sum":0.0070509910583496,"count":1,"realmem":0,"emalloc":51728,"realmem_start":57147392,"emalloc_start":55497024} [] []
[2020-04-05 15:10:03] main.INFO: Cron Job get_amazon_authorization_updates is run [] []
[2020-04-05 15:10:03] main.INFO: Cron Job get_amazon_authorization_updates is successfully finished. Statistics: {"sum":0.013365983963013,"count":1,"realmem":0,"emalloc":57952,"realmem_start":61341696,"emalloc_start":58615592} [] []
[2020-04-05 15:10:03] main.INFO: Cron Job amazon_payments_process_queued_refunds is run [] []
[2020-04-05 15:10:03] main.INFO: Cron Job amazon_payments_process_queued_refunds is successfully finished. Statistics: {"sum":0.019643068313599,"count":1,"realmem":0,"emalloc":188248,"realmem_start":61341696,"emalloc_start":58689096} [] []
[2020-04-05 15:10:04] main.INFO: Cron Job consumers_runner is run [] []
[2020-04-05 15:10:04] main.INFO: Consumer "async.operations.all" skipped as required connection "amqp" is not configured. Unknown connection name amqp [] []
[2020-04-05 15:10:04] main.INFO: Cron Job consumers_runner is successfully finished. Statistics: {"sum":0.011314153671265,"count":1,"realmem":0,"emalloc":20640,"realmem_start":50855936,"emalloc_start":47004056} [] []
[2020-04-05 15:10:04] main.INFO: Cron Job indexer_reindex_all_invalid is run [] []
[2020-04-05 15:10:04] main.INFO: Cron Job indexer_reindex_all_invalid is successfully finished. Statistics: {"sum":0.026418924331665,"count":1,"realmem":0,"emalloc":457232,"realmem_start":50855936,"emalloc_start":46792640} [] []
[2020-04-05 15:10:04] main.INFO: Cron Job indexer_update_all_views is run [] []
[2020-04-05 15:10:04] main.INFO: Cron Job scconnector_retrieve_gtag is run [] []
[2020-04-05 15:10:04] main.INFO: Cron Job scconnector_retrieve_gtag is successfully finished. Statistics: {"sum":0.0017969608306885,"count":1,"realmem":0,"emalloc":161560,"realmem_start":50855936,"emalloc_start":47110504} [] []
[2020-04-05 15:10:04] main.INFO: Cron Job yotpo_yotpo_orders_sync is run [] []
[2020-04-05 15:10:04] main.INFO: Cron Job yotpo_yotpo_orders_sync is successfully finished. Statistics: {"sum":0.0034711360931396,"count":1,"realmem":2097152,"emalloc":321192,"realmem_start":50855936,"emalloc_start":46965768} [] []
[2020-04-05 15:10:04] main.INFO: Cron Job scconnector_verify_website is run [] []
[2020-04-05 15:10:04] main.INFO: Cron Job scconnector_verify_website is successfully finished. Statistics: {"sum":0.00053191184997559,"count":1,"realmem":0,"emalloc":752,"realmem_start":50855936,"emalloc_start":47300512} [] []
[2020-04-05 15:10:04] main.INFO: Cron Job ddg_automation_abandonedcarts is run [] []
[2020-04-05 15:10:04] main.INFO: Cron Job ddg_automation_abandonedcarts is successfully finished. Statistics: {"sum":0.010351181030273,"count":1,"realmem":0,"emalloc":635328,"realmem_start":59244544,"emalloc_start":55923400} [] []
[2020-04-05 15:10:04] main.INFO: Cron Job ddg_automation_campaign is run [] []
[2020-04-05 15:10:04] main.INFO: Cron Job indexer_update_all_views is successfully finished. Statistics: {"sum":0.16027188301086,"count":1,"realmem":8388608,"emalloc":9342152,"realmem_start":50855936,"emalloc_start":47252912} [] []
[2020-04-05 15:10:04] main.INFO: Cron Job ddg_automation_campaign is successfully finished. Statistics: {"sum":0.012588024139404,"count":1,"realmem":0,"emalloc":493464,"realmem_start":59244544,"emalloc_start":56559192} [] []
[2020-04-05 15:10:04] main.INFO: Cron Job ddg_automation_importer is run [] []
[2020-04-05 15:10:04] main.INFO: Cron Job ddg_automation_importer is successfully finished. Statistics: {"sum":0.010088920593262,"count":1,"realmem":0,"emalloc":767104,"realmem_start":59244544,"emalloc_start":57052328} [] []
[2020-04-05 15:11:02] main.INFO: Cron Job catalog_product_outdated_price_values_cleanup is run [] []
[2020-04-05 15:11:02] main.INFO: Cron Job catalog_product_outdated_price_values_cleanup is successfully finished. Statistics: {"sum":0.00097012519836426,"count":1,"realmem":0,"emalloc":85576,"realmem_start":50855936,"emalloc_start":46806936} [] []
[2020-04-05 15:11:02] main.INFO: Cron Job catalog_product_frontend_actions_flush is run [] []
[2020-04-05 15:11:02] main.INFO: Cron Job catalog_product_frontend_actions_flush is successfully finished. Statistics: {"sum":0.0012979507446289,"count":1,"realmem":0,"emalloc":1128,"realmem_start":50855936,"emalloc_start":46924592} [] []
[2020-04-05 15:11:02] main.INFO: Cron Job sales_grid_order_async_insert is run [] []
[2020-04-05 15:11:02] main.INFO: Cron Job sales_grid_order_async_insert is successfully finished. Statistics: {"sum":0.00078201293945312,"count":1,"realmem":0,"emalloc":752,"realmem_start":50855936,"emalloc_start":47200848} [] []
[2020-04-05 15:11:02] main.INFO: Cron Job sales_grid_order_invoice_async_insert is run [] []
[2020-04-05 15:11:02] main.INFO: Cron Job sales_grid_order_invoice_async_insert is successfully finished. Statistics: {"sum":0.00060200691223145,"count":1,"realmem":0,"emalloc":752,"realmem_start":50855936,"emalloc_start":47204360} [] []
[2020-04-05 15:11:02] main.INFO: Cron Job sales_grid_order_shipment_async_insert is run [] []
[2020-04-05 15:11:02] main.INFO: Cron Job sales_grid_order_shipment_async_insert is successfully finished. Statistics: {"sum":0.00058507919311523,"count":1,"realmem":0,"emalloc":752,"realmem_start":50855936,"emalloc_start":47207232} [] []
[2020-04-05 15:11:02] main.INFO: Cron Job sales_grid_order_creditmemo_async_insert is run [] []
[2020-04-05 15:11:02] main.INFO: Cron Job sales_grid_order_creditmemo_async_insert is successfully finished. Statistics: {"sum":0.00051307678222656,"count":1,"realmem":0,"emalloc":752,"realmem_start":50855936,"emalloc_start":47210104} [] []
[2020-04-05 15:11:03] main.INFO: Cron Job sales_send_order_emails is run [] []
[2020-04-05 15:11:03] main.INFO: Cron Job sales_send_order_emails is successfully finished. Statistics: {"sum":0.00069117546081543,"count":1,"realmem":0,"emalloc":720,"realmem_start":52953088,"emalloc_start":50349120} [] []
[2020-04-05 15:11:03] main.INFO: Cron Job sales_send_order_invoice_emails is run [] []
[2020-04-05 15:11:03] main.INFO: Cron Job sales_send_order_invoice_emails is successfully finished. Statistics: {"sum":0.00058197975158691,"count":1,"realmem":0,"emalloc":752,"realmem_start":52953088,"emalloc_start":50710776} [] []
[2020-04-05 15:11:03] main.INFO: Cron Job sales_send_order_shipment_emails is run [] []
[2020-04-05 15:11:03] main.INFO: Cron Job sales_send_order_shipment_emails is successfully finished. Statistics: {"sum":0.00066399574279785,"count":1,"realmem":0,"emalloc":752,"realmem_start":52953088,"emalloc_start":51055992} [] []
[2020-04-05 15:11:03] main.INFO: Cron Job sales_send_order_creditmemo_emails is run [] []
[2020-04-05 15:11:03] main.INFO: Cron Job sales_send_order_creditmemo_emails is successfully finished. Statistics: {"sum":0.00054597854614258,"count":1,"realmem":0,"emalloc":752,"realmem_start":55050240,"emalloc_start":51404688} [] []
[2020-04-05 15:11:03] main.INFO: Cron Job outdated_authentication_failures_cleanup is run [] []
[2020-04-05 15:11:03] main.INFO: Cron Job outdated_authentication_failures_cleanup is successfully finished. Statistics: {"sum":0.00098896026611328,"count":1,"realmem":0,"emalloc":1128,"realmem_start":55050240,"emalloc_start":51449520} [] []
[2020-04-05 15:11:03] main.INFO: Cron Job bulk_cleanup is run [] []
[2020-04-05 15:11:03] main.INFO: Cron Job bulk_cleanup is successfully finished. Statistics: {"sum":0.00092887878417969,"count":1,"realmem":0,"emalloc":5424,"realmem_start":55050240,"emalloc_start":51464608} [] []
[2020-04-05 15:11:04] main.INFO: Cron Job yotpo_yotpo_orders_sync is run [] []
[2020-04-05 15:11:04] main.INFO: Cron Job yotpo_yotpo_orders_sync is successfully finished. Statistics: {"sum":0.011641025543213,"count":1,"realmem":0,"emalloc":321192,"realmem_start":50855936,"emalloc_start":47156264} [] []
[2020-04-05 15:11:04] main.INFO: Cron Job indexer_reindex_all_invalid is run [] []
[2020-04-05 15:11:04] main.INFO: Cron Job indexer_reindex_all_invalid is successfully finished. Statistics: {"sum":0.016752004623413,"count":1,"realmem":0,"emalloc":555536,"realmem_start":50855936,"emalloc_start":46503840} [] []
[2020-04-05 15:11:04] main.INFO: Cron Job indexer_update_all_views is run [] []
[2020-04-05 15:11:04] main.INFO: Cron Job consumers_runner is run [] []
[2020-04-05 15:11:04] main.INFO: Consumer "async.operations.all" skipped as required connection "amqp" is not configured. Unknown connection name amqp [] []
[2020-04-05 15:11:04] main.INFO: Cron Job consumers_runner is successfully finished. Statistics: {"sum":0.0020167827606201,"count":1,"realmem":0,"emalloc":20640,"realmem_start":50855936,"emalloc_start":47001664} [] []
[2020-04-05 15:11:04] main.INFO: Cron Job indexer_update_all_views is successfully finished. Statistics: {"sum":0.10835909843445,"count":1,"realmem":8388608,"emalloc":9342152,"realmem_start":50855936,"emalloc_start":47062416} [] []
[2020-04-05 15:11:18] main.ERROR: variable @mobile-cart-padding is undefined in file /home/thenext/domains/thenext.bearrunrun.com/public_html/var/view_preprocessed/pub/static/frontend/Smartwave/porto/en_US/css/source/_extends.less in _extends.less on line 755, column 57
753| .abs-toggling-title {
754|     @abs-toggling-title();
755|     .lib-css(padding, @indent__s @indent__xl @indent__s @mobile-cart-padding);
756|     .lib-icon-font(
757|         @icon-down,
758|         @_icon-font-size: 12px, [] []
[2020-04-05 15:11:18] main.CRITICAL: variable @mobile-cart-padding is undefined in file /home/thenext/domains/thenext.bearrunrun.com/public_html/var/view_preprocessed/pub/static/frontend/Smartwave/porto/en_US/css/source/_extends.less in _extends.less on line 755, column 57
753| .abs-toggling-title {
754|     @abs-toggling-title();
755|     .lib-css(padding, @indent__s @indent__xl @indent__s @mobile-cart-padding);
756|     .lib-icon-font(
757|         @icon-down,
758|         @_icon-font-size: 12px, [] []
[2020-04-05 15:11:19] main.ERROR: variable @mobile-cart-padding is undefined in file /home/thenext/domains/thenext.bearrunrun.com/public_html/var/view_preprocessed/pub/static/frontend/Smartwave/porto/en_US/css/source/_extends.less in _extends.less on line 755, column 57
753| .abs-toggling-title {
754|     @abs-toggling-title();
755|     .lib-css(padding, @indent__s @indent__xl @indent__s @mobile-cart-padding);
756|     .lib-icon-font(
757|         @icon-down,
758|         @_icon-font-size: 12px, [] []
[2020-04-05 15:11:19] main.CRITICAL: variable @mobile-cart-padding is undefined in file /home/thenext/domains/thenext.bearrunrun.com/public_html/var/view_preprocessed/pub/static/frontend/Smartwave/porto/en_US/css/source/_extends.less in _extends.less on line 755, column 57
753| .abs-toggling-title {
754|     @abs-toggling-title();
755|     .lib-css(padding, @indent__s @indent__xl @indent__s @mobile-cart-padding);
756|     .lib-icon-font(
757|         @icon-down,
758|         @_icon-font-size: 12px, [] []
[2020-04-05 15:12:01] main.INFO: Cron Job catalog_product_outdated_price_values_cleanup is run [] []
[2020-04-05 15:12:01] main.INFO: Cron Job catalog_product_outdated_price_values_cleanup is successfully finished. Statistics: {"sum":0.00096297264099121,"count":1,"realmem":0,"emalloc":85576,"realmem_start":50855936,"emalloc_start":46793408} [] []
[2020-04-05 15:12:01] main.INFO: Cron Job catalog_product_frontend_actions_flush is run [] []
[2020-04-05 15:12:01] main.INFO: Cron Job catalog_product_frontend_actions_flush is successfully finished. Statistics: {"sum":0.0079472064971924,"count":1,"realmem":0,"emalloc":1128,"realmem_start":50855936,"emalloc_start":46911064} [] []
[2020-04-05 15:12:01] main.INFO: Cron Job sales_grid_order_async_insert is run [] []
[2020-04-05 15:12:01] main.INFO: Cron Job sales_grid_order_async_insert is successfully finished. Statistics: {"sum":0.0005490779876709,"count":1,"realmem":0,"emalloc":752,"realmem_start":50855936,"emalloc_start":47187320} [] []
[2020-04-05 15:12:01] main.INFO: Cron Job sales_grid_order_invoice_async_insert is run [] []
[2020-04-05 15:12:01] main.INFO: Cron Job sales_grid_order_invoice_async_insert is successfully finished. Statistics: {"sum":0.00058794021606445,"count":1,"realmem":0,"emalloc":752,"realmem_start":50855936,"emalloc_start":47190832} [] []
[2020-04-05 15:12:01] main.INFO: Cron Job sales_grid_order_shipment_async_insert is run [] []
[2020-04-05 15:12:01] main.INFO: Cron Job sales_grid_order_shipment_async_insert is successfully finished. Statistics: {"sum":0.00050687789916992,"count":1,"realmem":0,"emalloc":752,"realmem_start":50855936,"emalloc_start":47193704} [] []
[2020-04-05 15:12:01] main.INFO: Cron Job sales_grid_order_creditmemo_async_insert is run [] []
[2020-04-05 15:12:01] main.INFO: Cron Job sales_grid_order_creditmemo_async_insert is successfully finished. Statistics: {"sum":0.00050902366638184,"count":1,"realmem":0,"emalloc":752,"realmem_start":50855936,"emalloc_start":47196576} [] []
[2020-04-05 15:12:02] main.INFO: Cron Job sales_send_order_emails is run [] []
[2020-04-05 15:12:02] main.INFO: Cron Job sales_send_order_emails is successfully finished. Statistics: {"sum":0.00065302848815918,"count":1,"realmem":0,"emalloc":720,"realmem_start":52953088,"emalloc_start":50335592} [] []
[2020-04-05 15:12:02] main.INFO: Cron Job sales_send_order_invoice_emails is run [] []
[2020-04-05 15:12:02] main.INFO: Cron Job sales_send_order_invoice_emails is successfully finished. Statistics: {"sum":0.00055599212646484,"count":1,"realmem":0,"emalloc":752,"realmem_start":52953088,"emalloc_start":50697248} [] []
[2020-04-05 15:12:02] main.INFO: Cron Job sales_send_order_shipment_emails is run [] []
[2020-04-05 15:12:02] main.INFO: Cron Job sales_send_order_shipment_emails is successfully finished. Statistics: {"sum":0.00054502487182617,"count":1,"realmem":0,"emalloc":752,"realmem_start":52953088,"emalloc_start":51042464} [] []
[2020-04-05 15:12:02] main.INFO: Cron Job sales_send_order_creditmemo_emails is run [] []
[2020-04-05 15:12:02] main.INFO: Cron Job sales_send_order_creditmemo_emails is successfully finished. Statistics: {"sum":0.00050187110900879,"count":1,"realmem":0,"emalloc":752,"realmem_start":55050240,"emalloc_start":51391160} [] []
[2020-04-05 15:12:02] main.INFO: Cron Job outdated_authentication_failures_cleanup is run [] []
[2020-04-05 15:12:02] main.INFO: Cron Job outdated_authentication_failures_cleanup is successfully finished. Statistics: {"sum":0.00071287155151367,"count":1,"realmem":0,"emalloc":1128,"realmem_start":55050240,"emalloc_start":51435992} [] []
[2020-04-05 15:12:02] main.INFO: Cron Job bulk_cleanup is run [] []
[2020-04-05 15:12:02] main.INFO: Cron Job bulk_cleanup is successfully finished. Statistics: {"sum":0.00083804130554199,"count":1,"realmem":0,"emalloc":5424,"realmem_start":55050240,"emalloc_start":51451080} [] []
[2020-04-05 15:12:02] main.INFO: Cron Job magento_newrelicreporting_cron is run [] []
[2020-04-05 15:12:02] main.INFO: Cron Job magento_newrelicreporting_cron is successfully finished. Statistics: {"sum":0.00060296058654785,"count":1,"realmem":0,"emalloc":672,"realmem_start":55050240,"emalloc_start":53186416} [] []
[2020-04-05 15:12:03] main.INFO: Cron Job indexer_reindex_all_invalid is run [] []
[2020-04-05 15:12:03] main.INFO: Cron Job indexer_reindex_all_invalid is successfully finished. Statistics: {"sum":0.017385959625244,"count":1,"realmem":0,"emalloc":555536,"realmem_start":50855936,"emalloc_start":46500776} [] []
[2020-04-05 15:12:03] main.INFO: Cron Job indexer_update_all_views is run [] []
[2020-04-05 15:12:03] main.INFO: Cron Job yotpo_yotpo_orders_sync is run [] []
[2020-04-05 15:12:03] main.INFO: Cron Job yotpo_yotpo_orders_sync is successfully finished. Statistics: {"sum":0.0044019222259521,"count":1,"realmem":0,"emalloc":321192,"realmem_start":50855936,"emalloc_start":46964472} [] []
[2020-04-05 15:12:03] main.INFO: Cron Job consumers_runner is run [] []
[2020-04-05 15:12:03] main.INFO: Consumer "async.operations.all" skipped as required connection "amqp" is not configured. Unknown connection name amqp [] []
[2020-04-05 15:12:03] main.INFO: Cron Job consumers_runner is successfully finished. Statistics: {"sum":0.0023860931396484,"count":1,"realmem":0,"emalloc":20640,"realmem_start":50855936,"emalloc_start":47191048} [] []
[2020-04-05 15:12:03] main.INFO: Cron Job indexer_update_all_views is successfully finished. Statistics: {"sum":0.12959313392639,"count":1,"realmem":8388608,"emalloc":9341832,"realmem_start":50855936,"emalloc_start":47059352} [] []
[2020-04-05 15:13:02] main.INFO: Cron Job catalog_product_outdated_price_values_cleanup is run [] []
[2020-04-05 15:13:02] main.INFO: Cron Job catalog_product_outdated_price_values_cleanup is successfully finished. Statistics: {"sum":0.00081300735473633,"count":1,"realmem":0,"emalloc":85576,"realmem_start":50855936,"emalloc_start":46778760} [] []
[2020-04-05 15:13:02] main.INFO: Cron Job catalog_product_frontend_actions_flush is run [] []
[2020-04-05 15:13:02] main.INFO: Cron Job catalog_product_frontend_actions_flush is successfully finished. Statistics: {"sum":0.00091910362243652,"count":1,"realmem":0,"emalloc":1128,"realmem_start":50855936,"emalloc_start":46896416} [] []
[2020-04-05 15:13:02] main.INFO: Cron Job sales_grid_order_async_insert is run [] []
[2020-04-05 15:13:02] main.INFO: Cron Job sales_grid_order_async_insert is successfully finished. Statistics: {"sum":0.00050711631774902,"count":1,"realmem":0,"emalloc":752,"realmem_start":50855936,"emalloc_start":47172672} [] []
[2020-04-05 15:13:02] main.INFO: Cron Job sales_grid_order_invoice_async_insert is run [] []
[2020-04-05 15:13:02] main.INFO: Cron Job sales_grid_order_invoice_async_insert is successfully finished. Statistics: {"sum":0.00043201446533203,"count":1,"realmem":0,"emalloc":752,"realmem_start":50855936,"emalloc_start":47176184} [] []
[2020-04-05 15:13:02] main.INFO: Cron Job sales_grid_order_shipment_async_insert is run [] []
[2020-04-05 15:13:02] main.INFO: Cron Job sales_grid_order_shipment_async_insert is successfully finished. Statistics: {"sum":0.00043010711669922,"count":1,"realmem":0,"emalloc":752,"realmem_start":50855936,"emalloc_start":47179056} [] []
[2020-04-05 15:13:02] main.INFO: Cron Job sales_grid_order_creditmemo_async_insert is run [] []
[2020-04-05 15:13:02] main.INFO: Cron Job sales_grid_order_creditmemo_async_insert is successfully finished. Statistics: {"sum":0.0004279613494873,"count":1,"realmem":0,"emalloc":752,"realmem_start":50855936,"emalloc_start":47181928} [] []
[2020-04-05 15:13:02] main.INFO: Cron Job sales_send_order_emails is run [] []
[2020-04-05 15:13:02] main.INFO: Cron Job sales_send_order_emails is successfully finished. Statistics: {"sum":0.00063800811767578,"count":1,"realmem":0,"emalloc":720,"realmem_start":52953088,"emalloc_start":50320944} [] []
[2020-04-05 15:13:02] main.INFO: Cron Job sales_send_order_invoice_emails is run [] []
[2020-04-05 15:13:02] main.INFO: Cron Job sales_send_order_invoice_emails is successfully finished. Statistics: {"sum":0.00049710273742676,"count":1,"realmem":0,"emalloc":752,"realmem_start":52953088,"emalloc_start":50682600} [] []
[2020-04-05 15:13:02] main.INFO: Cron Job sales_send_order_shipment_emails is run [] []
[2020-04-05 15:13:02] main.INFO: Cron Job sales_send_order_shipment_emails is successfully finished. Statistics: {"sum":0.00057196617126465,"count":1,"realmem":0,"emalloc":752,"realmem_start":52953088,"emalloc_start":51027816} [] []
[2020-04-05 15:13:02] main.INFO: Cron Job sales_send_order_creditmemo_emails is run [] []
[2020-04-05 15:13:02] main.INFO: Cron Job sales_send_order_creditmemo_emails is successfully finished. Statistics: {"sum":0.00052380561828613,"count":1,"realmem":0,"emalloc":752,"realmem_start":55050240,"emalloc_start":51376512} [] []
[2020-04-05 15:13:02] main.INFO: Cron Job outdated_authentication_failures_cleanup is run [] []
[2020-04-05 15:13:02] main.INFO: Cron Job outdated_authentication_failures_cleanup is successfully finished. Statistics: {"sum":0.00089788436889648,"count":1,"realmem":0,"emalloc":1128,"realmem_start":55050240,"emalloc_start":51421344} [] []
[2020-04-05 15:13:02] main.INFO: Cron Job bulk_cleanup is run [] []
[2020-04-05 15:13:02] main.INFO: Cron Job bulk_cleanup is successfully finished. Statistics: {"sum":0.00084090232849121,"count":1,"realmem":0,"emalloc":5424,"realmem_start":55050240,"emalloc_start":51436432} [] []
[2020-04-05 15:13:03] main.INFO: Cron Job indexer_reindex_all_invalid is run [] []
[2020-04-05 15:13:03] main.INFO: Cron Job indexer_reindex_all_invalid is successfully finished. Statistics: {"sum":0.022732973098755,"count":1,"realmem":0,"emalloc":555536,"realmem_start":50855936,"emalloc_start":46503840} [] []
[2020-04-05 15:13:03] main.INFO: Cron Job consumers_runner is run [] []
[2020-04-05 15:13:03] main.INFO: Consumer "async.operations.all" skipped as required connection "amqp" is not configured. Unknown connection name amqp [] []
[2020-04-05 15:13:03] main.INFO: Cron Job consumers_runner is successfully finished. Statistics: {"sum":0.0028119087219238,"count":1,"realmem":0,"emalloc":20640,"realmem_start":50855936,"emalloc_start":47189936} [] []
[2020-04-05 15:13:03] main.INFO: Cron Job indexer_update_all_views is run [] []
[2020-04-05 15:13:03] main.INFO: Cron Job yotpo_yotpo_orders_sync is run [] []
[2020-04-05 15:13:03] main.INFO: Cron Job yotpo_yotpo_orders_sync is successfully finished. Statistics: {"sum":0.0048940181732178,"count":1,"realmem":2097152,"emalloc":321192,"realmem_start":50855936,"emalloc_start":46965768} [] []
[2020-04-05 15:13:03] main.INFO: Cron Job indexer_update_all_views is successfully finished. Statistics: {"sum":0.20109915733337,"count":1,"realmem":8388608,"emalloc":9342152,"realmem_start":50855936,"emalloc_start":47062416} [] []
[2020-04-05 15:14:02] main.INFO: Cron Job catalog_product_outdated_price_values_cleanup is run [] []
[2020-04-05 15:14:02] main.INFO: Cron Job catalog_product_outdated_price_values_cleanup is successfully finished. Statistics: {"sum":0.00095701217651367,"count":1,"realmem":0,"emalloc":85576,"realmem_start":50855936,"emalloc_start":46765232} [] []
[2020-04-05 15:14:02] main.INFO: Cron Job catalog_product_frontend_actions_flush is run [] []
[2020-04-05 15:14:02] main.INFO: Cron Job catalog_product_frontend_actions_flush is successfully finished. Statistics: {"sum":0.00093317031860352,"count":1,"realmem":0,"emalloc":1128,"realmem_start":50855936,"emalloc_start":46882888} [] []
[2020-04-05 15:14:02] main.INFO: Cron Job sales_grid_order_async_insert is run [] []
[2020-04-05 15:14:02] main.INFO: Cron Job sales_grid_order_async_insert is successfully finished. Statistics: {"sum":0.00055789947509766,"count":1,"realmem":0,"emalloc":752,"realmem_start":50855936,"emalloc_start":47159144} [] []
[2020-04-05 15:14:02] main.INFO: Cron Job sales_grid_order_invoice_async_insert is run [] []
[2020-04-05 15:14:02] main.INFO: Cron Job sales_grid_order_invoice_async_insert is successfully finished. Statistics: {"sum":0.00049996376037598,"count":1,"realmem":0,"emalloc":752,"realmem_start":50855936,"emalloc_start":47162656} [] []
[2020-04-05 15:14:02] main.INFO: Cron Job sales_grid_order_shipment_async_insert is run [] []
[2020-04-05 15:14:02] main.INFO: Cron Job sales_grid_order_shipment_async_insert is successfully finished. Statistics: {"sum":0.00044512748718262,"count":1,"realmem":0,"emalloc":752,"realmem_start":50855936,"emalloc_start":47165528} [] []
[2020-04-05 15:14:02] main.INFO: Cron Job sales_grid_order_creditmemo_async_insert is run [] []
[2020-04-05 15:14:02] main.INFO: Cron Job sales_grid_order_creditmemo_async_insert is successfully finished. Statistics: {"sum":0.00050711631774902,"count":1,"realmem":0,"emalloc":752,"realmem_start":50855936,"emalloc_start":47168400} [] []
[2020-04-05 15:14:02] main.INFO: Cron Job sales_send_order_emails is run [] []
[2020-04-05 15:14:02] main.INFO: Cron Job sales_send_order_emails is successfully finished. Statistics: {"sum":0.00067496299743652,"count":1,"realmem":0,"emalloc":720,"realmem_start":52953088,"emalloc_start":50307416} [] []
[2020-04-05 15:14:02] main.INFO: Cron Job sales_send_order_invoice_emails is run [] []
[2020-04-05 15:14:02] main.INFO: Cron Job sales_send_order_invoice_emails is successfully finished. Statistics: {"sum":0.00053787231445312,"count":1,"realmem":0,"emalloc":752,"realmem_start":52953088,"emalloc_start":50669072} [] []
[2020-04-05 15:14:02] main.INFO: Cron Job sales_send_order_shipment_emails is run [] []
[2020-04-05 15:14:02] main.INFO: Cron Job sales_send_order_shipment_emails is successfully finished. Statistics: {"sum":0.00058889389038086,"count":1,"realmem":0,"emalloc":752,"realmem_start":52953088,"emalloc_start":51014288} [] []
[2020-04-05 15:14:02] main.INFO: Cron Job sales_send_order_creditmemo_emails is run [] []
[2020-04-05 15:14:02] main.INFO: Cron Job sales_send_order_creditmemo_emails is successfully finished. Statistics: {"sum":0.0006558895111084,"count":1,"realmem":0,"emalloc":752,"realmem_start":55050240,"emalloc_start":51362984} [] []
[2020-04-05 15:14:02] main.INFO: Cron Job outdated_authentication_failures_cleanup is run [] []
[2020-04-05 15:14:02] main.INFO: Cron Job outdated_authentication_failures_cleanup is successfully finished. Statistics: {"sum":0.0010919570922852,"count":1,"realmem":0,"emalloc":1128,"realmem_start":55050240,"emalloc_start":51407816} [] []
[2020-04-05 15:14:02] main.INFO: Cron Job bulk_cleanup is run [] []
[2020-04-05 15:14:02] main.INFO: Cron Job bulk_cleanup is successfully finished. Statistics: {"sum":0.0012531280517578,"count":1,"realmem":0,"emalloc":5424,"realmem_start":55050240,"emalloc_start":51422904} [] []
[2020-04-05 15:14:02] main.INFO: Cron Job magento_newrelicreporting_cron is run [] []
[2020-04-05 15:14:02] main.INFO: Cron Job magento_newrelicreporting_cron is successfully finished. Statistics: {"sum":0.001046895980835,"count":1,"realmem":0,"emalloc":672,"realmem_start":55050240,"emalloc_start":53158240} [] []
[2020-04-05 15:14:04] main.INFO: Cron Job indexer_reindex_all_invalid is run [] []
[2020-04-05 15:14:04] main.INFO: Cron Job indexer_reindex_all_invalid is successfully finished. Statistics: {"sum":0.043580055236816,"count":1,"realmem":0,"emalloc":555536,"realmem_start":50855936,"emalloc_start":46503840} [] []
[2020-04-05 15:14:04] main.INFO: Cron Job indexer_update_all_views is run [] []
[2020-04-05 15:14:04] main.INFO: Cron Job consumers_runner is run [] []
[2020-04-05 15:14:04] main.INFO: Consumer "async.operations.all" skipped as required connection "amqp" is not configured. Unknown connection name amqp [] []
[2020-04-05 15:14:04] main.INFO: Cron Job consumers_runner is successfully finished. Statistics: {"sum":0.0050559043884277,"count":1,"realmem":0,"emalloc":20640,"realmem_start":50855936,"emalloc_start":46998328} [] []
[2020-04-05 15:14:04] main.INFO: Cron Job yotpo_yotpo_orders_sync is run [] []
[2020-04-05 15:14:04] main.INFO: Cron Job yotpo_yotpo_orders_sync is successfully finished. Statistics: {"sum":0.0045750141143799,"count":1,"realmem":2097152,"emalloc":321192,"realmem_start":50855936,"emalloc_start":46965768} [] []
[2020-04-05 15:14:04] main.INFO: Cron Job indexer_update_all_views is successfully finished. Statistics: {"sum":0.14585995674133,"count":1,"realmem":8388608,"emalloc":9342152,"realmem_start":50855936,"emalloc_start":47062416} [] []
[2020-04-05 15:15:02] main.INFO: Cron Job catalog_product_outdated_price_values_cleanup is run [] []
[2020-04-05 15:15:02] main.INFO: Cron Job catalog_product_outdated_price_values_cleanup is successfully finished. Statistics: {"sum":0.0013611316680908,"count":1,"realmem":0,"emalloc":85576,"realmem_start":50855936,"emalloc_start":46750584} [] []
[2020-04-05 15:15:02] main.INFO: Cron Job catalog_product_frontend_actions_flush is run [] []
[2020-04-05 15:15:02] main.INFO: Cron Job catalog_product_frontend_actions_flush is successfully finished. Statistics: {"sum":0.0014569759368896,"count":1,"realmem":0,"emalloc":1128,"realmem_start":50855936,"emalloc_start":46868240} [] []
[2020-04-05 15:15:02] main.INFO: Cron Job catalog_product_attribute_value_synchronize is run [] []
[2020-04-05 15:15:02] main.INFO: Cron Job catalog_product_attribute_value_synchronize is successfully finished. Statistics: {"sum":0.0016131401062012,"count":1,"realmem":0,"emalloc":24528,"realmem_start":50855936,"emalloc_start":47093928} [] []
[2020-04-05 15:15:02] main.INFO: Cron Job sales_grid_order_async_insert is run [] []
[2020-04-05 15:15:02] main.INFO: Cron Job sales_grid_order_async_insert is successfully finished. Statistics: {"sum":0.00084400177001953,"count":1,"realmem":0,"emalloc":752,"realmem_start":50855936,"emalloc_start":47229768} [] []
[2020-04-05 15:15:02] main.INFO: Cron Job sales_grid_order_invoice_async_insert is run [] []
[2020-04-05 15:15:02] main.INFO: Cron Job sales_grid_order_invoice_async_insert is successfully finished. Statistics: {"sum":0.00082612037658691,"count":1,"realmem":0,"emalloc":752,"realmem_start":50855936,"emalloc_start":47233280} [] []
[2020-04-05 15:15:02] main.INFO: Cron Job sales_grid_order_shipment_async_insert is run [] []
[2020-04-05 15:15:02] main.INFO: Cron Job sales_grid_order_shipment_async_insert is successfully finished. Statistics: {"sum":0.00072693824768066,"count":1,"realmem":0,"emalloc":752,"realmem_start":50855936,"emalloc_start":47236152} [] []
[2020-04-05 15:15:02] main.INFO: Cron Job sales_grid_order_creditmemo_async_insert is run [] []
[2020-04-05 15:15:02] main.INFO: Cron Job sales_grid_order_creditmemo_async_insert is successfully finished. Statistics: {"sum":0.00077080726623535,"count":1,"realmem":0,"emalloc":752,"realmem_start":50855936,"emalloc_start":47239024} [] []
[2020-04-05 15:15:02] main.INFO: Cron Job sales_send_order_emails is run [] []
[2020-04-05 15:15:02] main.INFO: Cron Job sales_send_order_emails is successfully finished. Statistics: {"sum":0.00061917304992676,"count":1,"realmem":0,"emalloc":720,"realmem_start":52953088,"emalloc_start":50443576} [] []
[2020-04-05 15:15:02] main.INFO: Cron Job sales_send_order_invoice_emails is run [] []
[2020-04-05 15:15:02] main.INFO: Cron Job sales_send_order_invoice_emails is successfully finished. Statistics: {"sum":0.00064706802368164,"count":1,"realmem":0,"emalloc":752,"realmem_start":52953088,"emalloc_start":50805232} [] []
[2020-04-05 15:15:02] main.INFO: Cron Job sales_send_order_shipment_emails is run [] []
[2020-04-05 15:15:02] main.INFO: Cron Job sales_send_order_shipment_emails is successfully finished. Statistics: {"sum":0.00082087516784668,"count":1,"realmem":0,"emalloc":752,"realmem_start":52953088,"emalloc_start":51126192} [] []
[2020-04-05 15:15:02] main.INFO: Cron Job sales_send_order_creditmemo_emails is run [] []
[2020-04-05 15:15:02] main.INFO: Cron Job sales_send_order_creditmemo_emails is successfully finished. Statistics: {"sum":0.00053095817565918,"count":1,"realmem":0,"emalloc":752,"realmem_start":55050240,"emalloc_start":51519624} [] []
[2020-04-05 15:15:02] main.INFO: Cron Job outdated_authentication_failures_cleanup is run [] []
[2020-04-05 15:15:02] main.INFO: Cron Job outdated_authentication_failures_cleanup is successfully finished. Statistics: {"sum":0.00085806846618652,"count":1,"realmem":0,"emalloc":1128,"realmem_start":55050240,"emalloc_start":51543976} [] []
[2020-04-05 15:15:02] main.INFO: Cron Job bulk_cleanup is run [] []
[2020-04-05 15:15:02] main.INFO: Cron Job bulk_cleanup is successfully finished. Statistics: {"sum":0.000946044921875,"count":1,"realmem":0,"emalloc":5424,"realmem_start":55050240,"emalloc_start":51552848} [] []
[2020-04-05 15:15:02] main.INFO: Cron Job newsletter_send_all is run [] []
[2020-04-05 15:15:02] main.INFO: Cron Job newsletter_send_all is successfully finished. Statistics: {"sum":0.015959978103638,"count":1,"realmem":0,"emalloc":324360,"realmem_start":55050240,"emalloc_start":51566992} [] []
[2020-04-05 15:15:02] main.INFO: Cron Job get_amazon_capture_updates is run [] []
[2020-04-05 15:15:02] main.INFO: Cron Job get_amazon_capture_updates is successfully finished. Statistics: {"sum":0.0027229785919189,"count":1,"realmem":0,"emalloc":51728,"realmem_start":55050240,"emalloc_start":52656088} [] []
[2020-04-05 15:15:02] main.INFO: Cron Job get_amazon_authorization_updates is run [] []
[2020-04-05 15:15:02] main.INFO: Cron Job get_amazon_authorization_updates is successfully finished. Statistics: {"sum":0.00282883644104,"count":1,"realmem":0,"emalloc":57960,"realmem_start":59244544,"emalloc_start":56523392} [] []
[2020-04-05 15:15:02] main.INFO: Cron Job amazon_payments_process_queued_refunds is run [] []
[2020-04-05 15:15:02] main.INFO: Cron Job amazon_payments_process_queued_refunds is successfully finished. Statistics: {"sum":0.017810106277466,"count":1,"realmem":0,"emalloc":122712,"realmem_start":59244544,"emalloc_start":56596904} [] []
[2020-04-05 15:15:02] main.INFO: Cron Job temando_process_platform_events is run [] []
[2020-04-05 15:15:02] main.INFO: Cron Job temando_process_platform_events is successfully finished. Statistics: {"sum":0.00067305564880371,"count":1,"realmem":0,"emalloc":752,"realmem_start":61341696,"emalloc_start":58236888} [] []
[2020-04-05 15:15:03] main.INFO: Cron Job indexer_reindex_all_invalid is run [] []
[2020-04-05 15:15:03] main.INFO: Cron Job indexer_reindex_all_invalid is successfully finished. Statistics: {"sum":0.019263029098511,"count":1,"realmem":0,"emalloc":555536,"realmem_start":50855936,"emalloc_start":46500776} [] []
[2020-04-05 15:15:03] main.INFO: Cron Job indexer_update_all_views is run [] []
[2020-04-05 15:15:03] main.INFO: Cron Job consumers_runner is run [] []
[2020-04-05 15:15:03] main.INFO: Consumer "async.operations.all" skipped as required connection "amqp" is not configured. Unknown connection name amqp [] []
[2020-04-05 15:15:03] main.INFO: Cron Job consumers_runner is successfully finished. Statistics: {"sum":0.0020570755004883,"count":1,"realmem":0,"emalloc":20640,"realmem_start":50855936,"emalloc_start":46997216} [] []
[2020-04-05 15:15:03] main.INFO: Cron Job yotpo_yotpo_orders_sync is run [] []
[2020-04-05 15:15:03] main.INFO: Cron Job yotpo_yotpo_orders_sync is successfully finished. Statistics: {"sum":0.0035011768341064,"count":1,"realmem":0,"emalloc":321192,"realmem_start":50855936,"emalloc_start":46964472} [] []
[2020-04-05 15:15:04] main.INFO: Cron Job indexer_update_all_views is successfully finished. Statistics: {"sum":0.26847100257874,"count":1,"realmem":8388608,"emalloc":9341832,"realmem_start":50855936,"emalloc_start":47059352} [] []
[2020-04-05 15:15:04] main.INFO: Cron Job ddg_automation_abandonedcarts is run [] []
[2020-04-05 15:15:04] main.INFO: Cron Job ddg_automation_abandonedcarts is successfully finished. Statistics: {"sum":0.0084769725799561,"count":1,"realmem":0,"emalloc":635328,"realmem_start":59244544,"emalloc_start":55929024} [] []
[2020-04-05 15:15:04] main.INFO: Cron Job ddg_automation_campaign is run [] []
[2020-04-05 15:15:04] main.INFO: Cron Job ddg_automation_campaign is successfully finished. Statistics: {"sum":0.010357856750488,"count":1,"realmem":0,"emalloc":493464,"realmem_start":59244544,"emalloc_start":56564816} [] []
[2020-04-05 15:15:04] main.INFO: Cron Job ddg_automation_catalog_sync is run [] []
[2020-04-05 15:15:04] main.INFO: Cron Job ddg_automation_catalog_sync is successfully finished. Statistics: {"sum":0.0060648918151855,"count":1,"realmem":0,"emalloc":627136,"realmem_start":59244544,"emalloc_start":57057952} [] []
[2020-04-05 15:15:04] main.INFO: Cron Job ddg_automation_customer_subscriber_guest_sync is run [] []
[2020-04-05 15:15:04] main.INFO: Cron Job ddg_automation_customer_subscriber_guest_sync is successfully finished. Statistics: {"sum":0.0038821697235107,"count":1,"realmem":0,"emalloc":228024,"realmem_start":59244544,"emalloc_start":57684776} [] []
[2020-04-05 15:15:04] main.INFO: Cron Job ddg_automation_importer is run [] []
[2020-04-05 15:15:04] main.INFO: Cron Job ddg_automation_importer is successfully finished. Statistics: {"sum":0.0050439834594727,"count":1,"realmem":0,"emalloc":113088,"realmem_start":59244544,"emalloc_start":57912520} [] []
[2020-04-05 15:15:04] main.INFO: Cron Job ddg_automation_order_sync is run [] []
[2020-04-05 15:15:04] main.INFO: Cron Job ddg_automation_order_sync is successfully finished. Statistics: {"sum":0.016999006271362,"count":1,"realmem":2097152,"emalloc":1841624,"realmem_start":59244544,"emalloc_start":58025328} [] []
[2020-04-05 15:15:04] main.INFO: Cron Job ddg_automation_reviews_and_wishlist is run [] []
[2020-04-05 15:15:04] main.INFO: Cron Job ddg_automation_reviews_and_wishlist is successfully finished. Statistics: {"sum":0.0037961006164551,"count":1,"realmem":0,"emalloc":137576,"realmem_start":61341696,"emalloc_start":59866624} [] []
[2020-04-05 15:15:04] main.INFO: Cron Job ddg_automation_status is run [] []
[2020-04-05 15:15:04] main.INFO: Cron Job ddg_automation_status is successfully finished. Statistics: {"sum":0.0049760341644287,"count":1,"realmem":0,"emalloc":131336,"realmem_start":61341696,"emalloc_start":60003920} [] []
[2020-04-05 15:15:32] main.ERROR: variable @mobile-cart-padding is undefined in file /home/thenext/domains/thenext.bearrunrun.com/public_html/var/view_preprocessed/pub/static/frontend/Smartwave/porto/en_US/css/source/_extends.less in _extends.less on line 755, column 57
753| .abs-toggling-title {
754|     @abs-toggling-title();
755|     .lib-css(padding, @indent__s @indent__xl @indent__s @mobile-cart-padding);
756|     .lib-icon-font(
757|         @icon-down,
758|         @_icon-font-size: 12px, [] []
[2020-04-05 15:15:32] main.CRITICAL: variable @mobile-cart-padding is undefined in file /home/thenext/domains/thenext.bearrunrun.com/public_html/var/view_preprocessed/pub/static/frontend/Smartwave/porto/en_US/css/source/_extends.less in _extends.less on line 755, column 57
753| .abs-toggling-title {
754|     @abs-toggling-title();
755|     .lib-css(padding, @indent__s @indent__xl @indent__s @mobile-cart-padding);
756|     .lib-icon-font(
757|         @icon-down,
758|         @_icon-font-size: 12px, [] []
[2020-04-05 15:15:33] main.ERROR: variable @mobile-cart-padding is undefined in file /home/thenext/domains/thenext.bearrunrun.com/public_html/var/view_preprocessed/pub/static/frontend/Smartwave/porto/en_US/css/source/_extends.less in _extends.less on line 755, column 57
753| .abs-toggling-title {
754|     @abs-toggling-title();
755|     .lib-css(padding, @indent__s @indent__xl @indent__s @mobile-cart-padding);
756|     .lib-icon-font(
757|         @icon-down,
758|         @_icon-font-size: 12px, [] []
[2020-04-05 15:15:33] main.CRITICAL: variable @mobile-cart-padding is undefined in file /home/thenext/domains/thenext.bearrunrun.com/public_html/var/view_preprocessed/pub/static/frontend/Smartwave/porto/en_US/css/source/_extends.less in _extends.less on line 755, column 57
753| .abs-toggling-title {
754|     @abs-toggling-title();
755|     .lib-css(padding, @indent__s @indent__xl @indent__s @mobile-cart-padding);
756|     .lib-icon-font(
757|         @icon-down,
758|         @_icon-font-size: 12px, [] []
[2020-04-05 15:15:58] main.DEBUG: cache_invalidate:  {"method":"GET","url":"http:/","invalidateInfo":{"tags":["FPC"],"mode":"matchingTag"}} []
[2020-04-05 15:15:58] main.DEBUG: cache_invalidate:  {"method":"GET","url":"http:/","invalidateInfo":{"tags":["CONFIG"],"mode":"matchingTag"}} []
[2020-04-05 15:15:58] main.DEBUG: cache_invalidate:  {"method":"GET","url":"http:/","invalidateInfo":{"tags":["LAYOUT_GENERAL_CACHE_TAG"],"mode":"matchingTag"}} []
[2020-04-05 15:15:58] main.DEBUG: cache_invalidate:  {"method":"GET","url":"http:/","invalidateInfo":{"tags":["BLOCK_HTML"],"mode":"matchingTag"}} []
[2020-04-05 15:15:58] main.DEBUG: cache_invalidate:  {"method":"GET","url":"http:/","invalidateInfo":{"tags":["COLLECTION_DATA"],"mode":"matchingTag"}} []
[2020-04-05 15:15:58] main.DEBUG: cache_invalidate:  {"method":"GET","url":"http:/","invalidateInfo":{"tags":["REFLECTION"],"mode":"matchingTag"}} []
[2020-04-05 15:15:58] main.DEBUG: cache_invalidate:  {"method":"GET","url":"http:/","invalidateInfo":{"tags":["DB_DDL"],"mode":"matchingTag"}} []
[2020-04-05 15:15:58] main.DEBUG: cache_invalidate:  {"method":"GET","url":"http:/","invalidateInfo":{"tags":["COMPILED_CONFIG"],"mode":"matchingTag"}} []
[2020-04-05 15:15:58] main.DEBUG: cache_invalidate:  {"method":"GET","url":"http:/","invalidateInfo":{"tags":["EAV"],"mode":"matchingTag"}} []
[2020-04-05 15:15:58] main.DEBUG: cache_invalidate:  {"method":"GET","url":"http:/","invalidateInfo":{"tags":["CUSTOMER_NOTIFICATION"],"mode":"matchingTag"}} []
[2020-04-05 15:15:58] main.DEBUG: cache_invalidate:  {"method":"GET","url":"http:/","invalidateInfo":{"tags":["INTEGRATION"],"mode":"matchingTag"}} []
[2020-04-05 15:15:58] main.DEBUG: cache_invalidate:  {"method":"GET","url":"http:/","invalidateInfo":{"tags":["INTEGRATION_API_CONFIG"],"mode":"matchingTag"}} []
[2020-04-05 15:15:58] main.DEBUG: cache_invalidate:  {"method":"GET","url":"http:/","invalidateInfo":{"tags":["GOOGLE_PRODUCT"],"mode":"matchingTag"}} []
[2020-04-05 15:15:58] main.DEBUG: cache_invalidate:  {"method":"GET","url":"http:/","invalidateInfo":{"tags":["FPC"],"mode":"matchingTag"}} []
[2020-04-05 15:15:58] main.DEBUG: cache_invalidate:  {"method":"GET","url":"http:/","invalidateInfo":{"tags":["WEBSERVICE"],"mode":"matchingTag"}} []
[2020-04-05 15:15:58] main.DEBUG: cache_invalidate:  {"method":"GET","url":"http:/","invalidateInfo":{"tags":["TRANSLATE"],"mode":"matchingTag"}} []
[2020-04-05 15:15:58] main.DEBUG: cache_invalidate:  {"method":"GET","url":"http:/","invalidateInfo":{"tags":["VERTEX"],"mode":"matchingTag"}} []
[2020-04-05 15:16:03] main.DEBUG: cache_invalidate:  {"method":"GET","url":"http:/","invalidateInfo":{"identifier":"interception"}} []
[2020-04-05 15:16:03] main.DEBUG: cache_invalidate:  {"method":"GET","url":"http:/","invalidateInfo":{"identifier":"interception"}} []
[2020-04-05 15:16:05] main.DEBUG: cache_invalidate:  {"method":"GET","url":"https://thenext.bearrunrun.com/","invalidateInfo":{"identifier":"interception"}} []
[2020-04-05 15:16:11] main.DEBUG: cache_invalidate:  {"method":"GET","url":"http:/","invalidateInfo":{"identifier":"LOCKED_RECORD_INFO_SYSTEM_CONFIG"}} []
[2020-04-05 15:16:11] main.INFO: 0 cron jobs were cleaned [] []
[2020-04-05 15:16:11] main.INFO: 217 cron jobs were cleaned [] []
[2020-04-05 15:16:11] main.INFO: Cron Job catalog_product_outdated_price_values_cleanup is run [] []
[2020-04-05 15:16:11] main.INFO: Cron Job catalog_product_outdated_price_values_cleanup is successfully finished. Statistics: {"sum":0.00049090385437012,"count":1,"realmem":0,"emalloc":704,"realmem_start":82837504,"emalloc_start":78290400} [] []
[2020-04-05 15:16:11] main.INFO: Cron Job catalog_product_frontend_actions_flush is run [] []
[2020-04-05 15:16:11] main.INFO: Cron Job catalog_product_frontend_actions_flush is successfully finished. Statistics: {"sum":0.00070309638977051,"count":1,"realmem":0,"emalloc":1128,"realmem_start":82837504,"emalloc_start":78318848} [] []
[2020-04-05 15:16:11] main.INFO: Cron Job sales_grid_order_async_insert is run [] []
[2020-04-05 15:16:11] main.INFO: Cron Job sales_grid_order_async_insert is successfully finished. Statistics: {"sum":0.00050783157348633,"count":1,"realmem":0,"emalloc":752,"realmem_start":82837504,"emalloc_start":78372880} [] []
[2020-04-05 15:16:11] main.INFO: Cron Job sales_grid_order_invoice_async_insert is run [] []
[2020-04-05 15:16:11] main.INFO: Cron Job sales_grid_order_invoice_async_insert is successfully finished. Statistics: {"sum":0.00045990943908691,"count":1,"realmem":0,"emalloc":752,"realmem_start":82837504,"emalloc_start":78376392} [] []
[2020-04-05 15:16:11] main.INFO: Cron Job sales_grid_order_shipment_async_insert is run [] []
[2020-04-05 15:16:11] main.INFO: Cron Job sales_grid_order_shipment_async_insert is successfully finished. Statistics: {"sum":0.00073003768920898,"count":1,"realmem":0,"emalloc":752,"realmem_start":82837504,"emalloc_start":78379264} [] []
[2020-04-05 15:16:11] main.INFO: Cron Job sales_grid_order_creditmemo_async_insert is run [] []
[2020-04-05 15:16:11] main.INFO: Cron Job sales_grid_order_creditmemo_async_insert is successfully finished. Statistics: {"sum":0.00047397613525391,"count":1,"realmem":0,"emalloc":752,"realmem_start":82837504,"emalloc_start":78382136} [] []
[2020-04-05 15:16:11] main.INFO: Cron Job sales_send_order_emails is run [] []
[2020-04-05 15:16:11] main.INFO: Cron Job sales_send_order_emails is successfully finished. Statistics: {"sum":0.00063991546630859,"count":1,"realmem":0,"emalloc":832,"realmem_start":84934656,"emalloc_start":81275800} [] []
[2020-04-05 15:16:11] main.INFO: Cron Job sales_send_order_invoice_emails is run [] []
[2020-04-05 15:16:11] main.INFO: Cron Job sales_send_order_invoice_emails is successfully finished. Statistics: {"sum":0.00057697296142578,"count":1,"realmem":0,"emalloc":752,"realmem_start":84934656,"emalloc_start":81646672} [] []
[2020-04-05 15:16:11] main.INFO: Cron Job sales_send_order_shipment_emails is run [] []
[2020-04-05 15:16:11] main.INFO: Cron Job sales_send_order_shipment_emails is successfully finished. Statistics: {"sum":0.00066900253295898,"count":1,"realmem":0,"emalloc":752,"realmem_start":84934656,"emalloc_start":81975536} [] []
[2020-04-05 15:16:11] main.INFO: Cron Job sales_send_order_creditmemo_emails is run [] []
[2020-04-05 15:16:11] main.INFO: Cron Job sales_send_order_creditmemo_emails is successfully finished. Statistics: {"sum":0.00075316429138184,"count":1,"realmem":0,"emalloc":752,"realmem_start":84934656,"emalloc_start":82292592} [] []
[2020-04-05 15:16:11] main.INFO: Cron Job outdated_authentication_failures_cleanup is run [] []
[2020-04-05 15:16:11] main.INFO: Cron Job outdated_authentication_failures_cleanup is successfully finished. Statistics: {"sum":0.00080013275146484,"count":1,"realmem":0,"emalloc":1128,"realmem_start":84934656,"emalloc_start":82316872} [] []
[2020-04-05 15:16:11] main.INFO: Cron Job bulk_cleanup is run [] []
[2020-04-05 15:16:11] main.INFO: Cron Job bulk_cleanup is successfully finished. Statistics: {"sum":0.0011961460113525,"count":1,"realmem":0,"emalloc":5424,"realmem_start":84934656,"emalloc_start":82331960} [] []
[2020-04-05 15:16:11] main.INFO: Cron Job magento_newrelicreporting_cron is run [] []
[2020-04-05 15:16:11] main.INFO: Cron Job magento_newrelicreporting_cron is successfully finished. Statistics: {"sum":0.00089120864868164,"count":1,"realmem":0,"emalloc":672,"realmem_start":87031808,"emalloc_start":83413120} [] []
[2020-04-05 15:16:13] main.INFO: 22 cron jobs were cleaned [] []
[2020-04-05 15:16:13] main.INFO: Cron Job indexer_reindex_all_invalid is run [] []
[2020-04-05 15:16:13] main.INFO: Cron Job indexer_reindex_all_invalid is successfully finished. Statistics: {"sum":0.053781986236572,"count":1,"realmem":0,"emalloc":439896,"realmem_start":50855936,"emalloc_start":46811976} [] []
[2020-04-05 15:16:13] main.INFO: Cron Job indexer_update_all_views is run [] []
[2020-04-05 15:16:13] main.INFO: 2 cron jobs were cleaned [] []
[2020-04-05 15:16:13] main.INFO: 11 cron jobs were cleaned [] []
[2020-04-05 15:16:13] main.INFO: 15 cron jobs were cleaned [] []
[2020-04-05 15:16:13] main.INFO: Cron Job yotpo_yotpo_orders_sync is run [] []
[2020-04-05 15:16:13] main.INFO: Cron Job yotpo_yotpo_orders_sync is successfully finished. Statistics: {"sum":0.11767315864563,"count":1,"realmem":2097152,"emalloc":442944,"realmem_start":50855936,"emalloc_start":46985104} [] []
[2020-04-05 15:16:13] main.INFO: Cron Job indexer_update_all_views is successfully finished. Statistics: {"sum":0.31896281242371,"count":1,"realmem":8388608,"emalloc":9363176,"realmem_start":50855936,"emalloc_start":47280464} [] []
[2020-04-05 15:16:13] main.INFO: Cron Job consumers_runner is run [] []
[2020-04-05 15:16:13] main.INFO: Consumer "async.operations.all" skipped as required connection "amqp" is not configured. Unknown connection name amqp [] []
[2020-04-05 15:16:13] main.INFO: Cron Job consumers_runner is successfully finished. Statistics: {"sum":0.002734899520874,"count":1,"realmem":0,"emalloc":1360,"realmem_start":59244544,"emalloc_start":56580176} [] []
[2020-04-05 15:16:14] main.DEBUG: cache_invalidate:  {"method":"GET","url":"https://thenext.bearrunrun.com/","invalidateInfo":{"identifier":"LOCKED_RECORD_INFO_BLOCK_fa29b7dbaa3f85be393abd6a03effbf9fc76e9d2"}} []
[2020-04-05 15:16:15] main.ERROR: variable @mobile-cart-padding is undefined in file /home/thenext/domains/thenext.bearrunrun.com/public_html/var/view_preprocessed/pub/static/frontend/Smartwave/porto/en_US/css/source/_extends.less in _extends.less on line 755, column 57
753| .abs-toggling-title {
754|     @abs-toggling-title();
755|     .lib-css(padding, @indent__s @indent__xl @indent__s @mobile-cart-padding);
756|     .lib-icon-font(
757|         @icon-down,
758|         @_icon-font-size: 12px, [] []
[2020-04-05 15:16:15] main.CRITICAL: variable @mobile-cart-padding is undefined in file /home/thenext/domains/thenext.bearrunrun.com/public_html/var/view_preprocessed/pub/static/frontend/Smartwave/porto/en_US/css/source/_extends.less in _extends.less on line 755, column 57
753| .abs-toggling-title {
754|     @abs-toggling-title();
755|     .lib-css(padding, @indent__s @indent__xl @indent__s @mobile-cart-padding);
756|     .lib-icon-font(
757|         @icon-down,
758|         @_icon-font-size: 12px, [] []
[2020-04-05 15:16:16] main.ERROR: variable @mobile-cart-padding is undefined in file /home/thenext/domains/thenext.bearrunrun.com/public_html/var/view_preprocessed/pub/static/frontend/Smartwave/porto/en_US/css/source/_extends.less in _extends.less on line 755, column 57
753| .abs-toggling-title {
754|     @abs-toggling-title();
755|     .lib-css(padding, @indent__s @indent__xl @indent__s @mobile-cart-padding);
756|     .lib-icon-font(
757|         @icon-down,
758|         @_icon-font-size: 12px, [] []
[2020-04-05 15:16:16] main.CRITICAL: variable @mobile-cart-padding is undefined in file /home/thenext/domains/thenext.bearrunrun.com/public_html/var/view_preprocessed/pub/static/frontend/Smartwave/porto/en_US/css/source/_extends.less in _extends.less on line 755, column 57
753| .abs-toggling-title {
754|     @abs-toggling-title();
755|     .lib-css(padding, @indent__s @indent__xl @indent__s @mobile-cart-padding);
756|     .lib-icon-font(
757|         @icon-down,
758|         @_icon-font-size: 12px, [] []
[2020-04-05 15:17:02] main.INFO: Cron Job catalog_product_outdated_price_values_cleanup is run [] []
[2020-04-05 15:17:02] main.INFO: Cron Job catalog_product_outdated_price_values_cleanup is successfully finished. Statistics: {"sum":0.0010619163513184,"count":1,"realmem":0,"emalloc":85576,"realmem_start":50855936,"emalloc_start":46715656} [] []
[2020-04-05 15:17:02] main.INFO: Cron Job catalog_product_frontend_actions_flush is run [] []
[2020-04-05 15:17:02] main.INFO: Cron Job catalog_product_frontend_actions_flush is successfully finished. Statistics: {"sum":0.0026381015777588,"count":1,"realmem":0,"emalloc":1128,"realmem_start":50855936,"emalloc_start":46833312} [] []
[2020-04-05 15:17:02] main.INFO: Cron Job sales_grid_order_async_insert is run [] []
[2020-04-05 15:17:02] main.INFO: Cron Job sales_grid_order_async_insert is successfully finished. Statistics: {"sum":0.00075411796569824,"count":1,"realmem":0,"emalloc":752,"realmem_start":50855936,"emalloc_start":47109568} [] []
[2020-04-05 15:17:02] main.INFO: Cron Job sales_grid_order_invoice_async_insert is run [] []
[2020-04-05 15:17:02] main.INFO: Cron Job sales_grid_order_invoice_async_insert is successfully finished. Statistics: {"sum":0.00054001808166504,"count":1,"realmem":0,"emalloc":752,"realmem_start":50855936,"emalloc_start":47113080} [] []
[2020-04-05 15:17:02] main.INFO: Cron Job sales_grid_order_shipment_async_insert is run [] []
[2020-04-05 15:17:02] main.INFO: Cron Job sales_grid_order_shipment_async_insert is successfully finished. Statistics: {"sum":0.0005650520324707,"count":1,"realmem":0,"emalloc":752,"realmem_start":50855936,"emalloc_start":47115952} [] []
[2020-04-05 15:17:02] main.INFO: Cron Job sales_grid_order_creditmemo_async_insert is run [] []
[2020-04-05 15:17:02] main.INFO: Cron Job sales_grid_order_creditmemo_async_insert is successfully finished. Statistics: {"sum":0.00064587593078613,"count":1,"realmem":0,"emalloc":752,"realmem_start":50855936,"emalloc_start":47118824} [] []
[2020-04-05 15:17:02] main.INFO: Cron Job sales_send_order_emails is run [] []
[2020-04-05 15:17:02] main.INFO: Cron Job sales_send_order_emails is successfully finished. Statistics: {"sum":0.0008699893951416,"count":1,"realmem":0,"emalloc":720,"realmem_start":52953088,"emalloc_start":50257840} [] []
[2020-04-05 15:17:02] main.INFO: Cron Job sales_send_order_invoice_emails is run [] []
[2020-04-05 15:17:02] main.INFO: Cron Job sales_send_order_invoice_emails is successfully finished. Statistics: {"sum":0.00097894668579102,"count":1,"realmem":0,"emalloc":752,"realmem_start":52953088,"emalloc_start":50619496} [] []
[2020-04-05 15:17:02] main.INFO: Cron Job sales_send_order_shipment_emails is run [] []
[2020-04-05 15:17:02] main.INFO: Cron Job sales_send_order_shipment_emails is successfully finished. Statistics: {"sum":0.00065708160400391,"count":1,"realmem":0,"emalloc":752,"realmem_start":52953088,"emalloc_start":50964712} [] []
[2020-04-05 15:17:03] main.INFO: Cron Job sales_send_order_creditmemo_emails is run [] []
[2020-04-05 15:17:03] main.INFO: Cron Job sales_send_order_creditmemo_emails is successfully finished. Statistics: {"sum":0.00069785118103027,"count":1,"realmem":0,"emalloc":752,"realmem_start":55050240,"emalloc_start":51313408} [] []
[2020-04-05 15:17:03] main.INFO: Cron Job outdated_authentication_failures_cleanup is run [] []
[2020-04-05 15:17:03] main.INFO: Cron Job outdated_authentication_failures_cleanup is successfully finished. Statistics: {"sum":0.00095701217651367,"count":1,"realmem":0,"emalloc":1128,"realmem_start":55050240,"emalloc_start":51358240} [] []
[2020-04-05 15:17:03] main.INFO: Cron Job bulk_cleanup is run [] []
[2020-04-05 15:17:03] main.INFO: Cron Job bulk_cleanup is successfully finished. Statistics: {"sum":0.00098299980163574,"count":1,"realmem":0,"emalloc":5424,"realmem_start":55050240,"emalloc_start":51373328} [] []
[2020-04-05 15:17:04] main.INFO: Cron Job indexer_reindex_all_invalid is run [] []
[2020-04-05 15:17:04] main.INFO: Cron Job indexer_reindex_all_invalid is successfully finished. Statistics: {"sum":0.02249002456665,"count":1,"realmem":0,"emalloc":555536,"realmem_start":50855936,"emalloc_start":46500776} [] []
[2020-04-05 15:17:04] main.INFO: Cron Job yotpo_yotpo_orders_sync is run [] []
[2020-04-05 15:17:04] main.INFO: Cron Job indexer_update_all_views is run [] []
[2020-04-05 15:17:04] main.INFO: Cron Job yotpo_yotpo_orders_sync is successfully finished. Statistics: {"sum":0.0048110485076904,"count":1,"realmem":0,"emalloc":321192,"realmem_start":50855936,"emalloc_start":46964472} [] []
[2020-04-05 15:17:04] main.INFO: Cron Job consumers_runner is run [] []
[2020-04-05 15:17:04] main.INFO: Consumer "async.operations.all" skipped as required connection "amqp" is not configured. Unknown connection name amqp [] []
[2020-04-05 15:17:04] main.INFO: Cron Job consumers_runner is successfully finished. Statistics: {"sum":0.0029599666595459,"count":1,"realmem":0,"emalloc":20640,"realmem_start":50855936,"emalloc_start":46994992} [] []
[2020-04-05 15:17:04] main.INFO: Cron Job indexer_update_all_views is successfully finished. Statistics: {"sum":0.14604687690735,"count":1,"realmem":8388608,"emalloc":9341832,"realmem_start":50855936,"emalloc_start":47059352} [] []
[2020-04-05 15:18:02] main.INFO: Cron Job catalog_product_outdated_price_values_cleanup is run [] []
[2020-04-05 15:18:02] main.INFO: Cron Job catalog_product_outdated_price_values_cleanup is successfully finished. Statistics: {"sum":0.0012328624725342,"count":1,"realmem":0,"emalloc":85576,"realmem_start":50855936,"emalloc_start":46693936} [] []
[2020-04-05 15:18:02] main.INFO: Cron Job catalog_product_frontend_actions_flush is run [] []
[2020-04-05 15:18:02] main.INFO: Cron Job catalog_product_frontend_actions_flush is successfully finished. Statistics: {"sum":0.013020992279053,"count":1,"realmem":0,"emalloc":1128,"realmem_start":50855936,"emalloc_start":46811592} [] []
[2020-04-05 15:18:02] main.INFO: Cron Job sales_grid_order_async_insert is run [] []
[2020-04-05 15:18:02] main.INFO: Cron Job sales_grid_order_async_insert is successfully finished. Statistics: {"sum":0.00072002410888672,"count":1,"realmem":0,"emalloc":752,"realmem_start":50855936,"emalloc_start":47087848} [] []
[2020-04-05 15:18:02] main.INFO: Cron Job sales_grid_order_invoice_async_insert is run [] []
[2020-04-05 15:18:02] main.INFO: Cron Job sales_grid_order_invoice_async_insert is successfully finished. Statistics: {"sum":0.0008080005645752,"count":1,"realmem":0,"emalloc":752,"realmem_start":50855936,"emalloc_start":47091360} [] []
[2020-04-05 15:18:02] main.INFO: Cron Job sales_grid_order_shipment_async_insert is run [] []
[2020-04-05 15:18:02] main.INFO: Cron Job sales_grid_order_shipment_async_insert is successfully finished. Statistics: {"sum":0.00073480606079102,"count":1,"realmem":0,"emalloc":752,"realmem_start":50855936,"emalloc_start":47094232} [] []
[2020-04-05 15:18:02] main.INFO: Cron Job sales_grid_order_creditmemo_async_insert is run [] []
[2020-04-05 15:18:02] main.INFO: Cron Job sales_grid_order_creditmemo_async_insert is successfully finished. Statistics: {"sum":0.0005650520324707,"count":1,"realmem":0,"emalloc":752,"realmem_start":50855936,"emalloc_start":47097104} [] []
[2020-04-05 15:18:02] main.INFO: Cron Job sales_send_order_emails is run [] []
[2020-04-05 15:18:02] main.INFO: Cron Job sales_send_order_emails is successfully finished. Statistics: {"sum":0.00070786476135254,"count":1,"realmem":0,"emalloc":720,"realmem_start":52953088,"emalloc_start":50236120} [] []
[2020-04-05 15:18:02] main.INFO: Cron Job sales_send_order_invoice_emails is run [] []
[2020-04-05 15:18:02] main.INFO: Cron Job sales_send_order_invoice_emails is successfully finished. Statistics: {"sum":0.00067806243896484,"count":1,"realmem":0,"emalloc":752,"realmem_start":52953088,"emalloc_start":50597776} [] []
[2020-04-05 15:18:02] main.INFO: Cron Job sales_send_order_shipment_emails is run [] []
[2020-04-05 15:18:02] main.INFO: Cron Job sales_send_order_shipment_emails is successfully finished. Statistics: {"sum":0.00059103965759277,"count":1,"realmem":0,"emalloc":752,"realmem_start":52953088,"emalloc_start":50942992} [] []
[2020-04-05 15:18:03] main.INFO: Cron Job sales_send_order_creditmemo_emails is run [] []
[2020-04-05 15:18:03] main.INFO: Cron Job sales_send_order_creditmemo_emails is successfully finished. Statistics: {"sum":0.00052690505981445,"count":1,"realmem":0,"emalloc":752,"realmem_start":55050240,"emalloc_start":51291688} [] []
[2020-04-05 15:18:03] main.INFO: Cron Job outdated_authentication_failures_cleanup is run [] []
[2020-04-05 15:18:03] main.INFO: Cron Job outdated_authentication_failures_cleanup is successfully finished. Statistics: {"sum":0.002230167388916,"count":1,"realmem":0,"emalloc":1128,"realmem_start":55050240,"emalloc_start":51336520} [] []
[2020-04-05 15:18:03] main.INFO: Cron Job bulk_cleanup is run [] []
[2020-04-05 15:18:03] main.INFO: Cron Job bulk_cleanup is successfully finished. Statistics: {"sum":0.0010809898376465,"count":1,"realmem":0,"emalloc":5424,"realmem_start":55050240,"emalloc_start":51351608} [] []
[2020-04-05 15:18:03] main.INFO: Cron Job magento_newrelicreporting_cron is run [] []
[2020-04-05 15:18:03] main.INFO: Cron Job magento_newrelicreporting_cron is successfully finished. Statistics: {"sum":0.00064778327941895,"count":1,"realmem":0,"emalloc":672,"realmem_start":55050240,"emalloc_start":53086944} [] []
[2020-04-05 15:18:03] main.ERROR: variable @mobile-cart-padding is undefined in file /home/thenext/domains/thenext.bearrunrun.com/public_html/var/view_preprocessed/pub/static/frontend/Smartwave/porto/en_US/css/source/_extends.less in _extends.less on line 755, column 57
753| .abs-toggling-title {
754|     @abs-toggling-title();
755|     .lib-css(padding, @indent__s @indent__xl @indent__s @mobile-cart-padding);
756|     .lib-icon-font(
757|         @icon-down,
758|         @_icon-font-size: 12px, [] []
[2020-04-05 15:18:03] main.CRITICAL: variable @mobile-cart-padding is undefined in file /home/thenext/domains/thenext.bearrunrun.com/public_html/var/view_preprocessed/pub/static/frontend/Smartwave/porto/en_US/css/source/_extends.less in _extends.less on line 755, column 57
753| .abs-toggling-title {
754|     @abs-toggling-title();
755|     .lib-css(padding, @indent__s @indent__xl @indent__s @mobile-cart-padding);
756|     .lib-icon-font(
757|         @icon-down,
758|         @_icon-font-size: 12px, [] []
[2020-04-05 15:18:04] main.INFO: Cron Job indexer_reindex_all_invalid is run [] []
[2020-04-05 15:18:04] main.INFO: Cron Job indexer_reindex_all_invalid is successfully finished. Statistics: {"sum":0.03770899772644,"count":1,"realmem":0,"emalloc":555536,"realmem_start":50855936,"emalloc_start":46503840} [] []
[2020-04-05 15:18:04] main.INFO: Cron Job indexer_update_all_views is run [] []
[2020-04-05 15:18:05] main.INFO: Cron Job consumers_runner is run [] []
[2020-04-05 15:18:05] main.INFO: Consumer "async.operations.all" skipped as required connection "amqp" is not configured. Unknown connection name amqp [] []
[2020-04-05 15:18:05] main.INFO: Cron Job consumers_runner is successfully finished. Statistics: {"sum":0.006990909576416,"count":1,"realmem":0,"emalloc":20640,"realmem_start":50855936,"emalloc_start":46993880} [] []
[2020-04-05 15:18:05] main.INFO: Cron Job yotpo_yotpo_orders_sync is run [] []
[2020-04-05 15:18:05] main.INFO: Cron Job yotpo_yotpo_orders_sync is successfully finished. Statistics: {"sum":0.0037949085235596,"count":1,"realmem":2097152,"emalloc":321192,"realmem_start":50855936,"emalloc_start":46965768} [] []
[2020-04-05 15:18:05] main.INFO: Cron Job indexer_update_all_views is successfully finished. Statistics: {"sum":0.27624607086182,"count":1,"realmem":8388608,"emalloc":9342152,"realmem_start":50855936,"emalloc_start":47062416} [] []
[2020-04-05 15:18:05] main.ERROR: variable @mobile-cart-padding is undefined in file /home/thenext/domains/thenext.bearrunrun.com/public_html/var/view_preprocessed/pub/static/frontend/Smartwave/porto/en_US/css/source/_extends.less in _extends.less on line 755, column 57
753| .abs-toggling-title {
754|     @abs-toggling-title();
755|     .lib-css(padding, @indent__s @indent__xl @indent__s @mobile-cart-padding);
756|     .lib-icon-font(
757|         @icon-down,
758|         @_icon-font-size: 12px, [] []
[2020-04-05 15:18:05] main.CRITICAL: variable @mobile-cart-padding is undefined in file /home/thenext/domains/thenext.bearrunrun.com/public_html/var/view_preprocessed/pub/static/frontend/Smartwave/porto/en_US/css/source/_extends.less in _extends.less on line 755, column 57
753| .abs-toggling-title {
754|     @abs-toggling-title();
755|     .lib-css(padding, @indent__s @indent__xl @indent__s @mobile-cart-padding);
756|     .lib-icon-font(
757|         @icon-down,
758|         @_icon-font-size: 12px, [] []
[2020-04-05 15:19:01] main.INFO: Cron Job catalog_product_outdated_price_values_cleanup is run [] []
[2020-04-05 15:19:01] main.INFO: Cron Job catalog_product_outdated_price_values_cleanup is successfully finished. Statistics: {"sum":0.0065691471099854,"count":1,"realmem":0,"emalloc":85576,"realmem_start":50855936,"emalloc_start":46679288} [] []
[2020-04-05 15:19:01] main.INFO: Cron Job catalog_product_frontend_actions_flush is run [] []
[2020-04-05 15:19:01] main.INFO: Cron Job catalog_product_frontend_actions_flush is successfully finished. Statistics: {"sum":0.0011260509490967,"count":1,"realmem":0,"emalloc":1128,"realmem_start":50855936,"emalloc_start":46796944} [] []
[2020-04-05 15:19:01] main.INFO: Cron Job sales_grid_order_async_insert is run [] []
[2020-04-05 15:19:01] main.INFO: Cron Job sales_grid_order_async_insert is successfully finished. Statistics: {"sum":0.00070500373840332,"count":1,"realmem":0,"emalloc":752,"realmem_start":50855936,"emalloc_start":47073200} [] []
[2020-04-05 15:19:01] main.INFO: Cron Job sales_grid_order_invoice_async_insert is run [] []
[2020-04-05 15:19:01] main.INFO: Cron Job sales_grid_order_invoice_async_insert is successfully finished. Statistics: {"sum":0.00067710876464844,"count":1,"realmem":0,"emalloc":752,"realmem_start":50855936,"emalloc_start":47076712} [] []
[2020-04-05 15:19:01] main.INFO: Cron Job sales_grid_order_shipment_async_insert is run [] []
[2020-04-05 15:19:01] main.INFO: Cron Job sales_grid_order_shipment_async_insert is successfully finished. Statistics: {"sum":0.00067996978759766,"count":1,"realmem":0,"emalloc":752,"realmem_start":50855936,"emalloc_start":47079584} [] []
[2020-04-05 15:19:01] main.INFO: Cron Job sales_grid_order_creditmemo_async_insert is run [] []
[2020-04-05 15:19:01] main.INFO: Cron Job sales_grid_order_creditmemo_async_insert is successfully finished. Statistics: {"sum":0.00081205368041992,"count":1,"realmem":0,"emalloc":752,"realmem_start":50855936,"emalloc_start":47082456} [] []
[2020-04-05 15:19:02] main.INFO: Cron Job sales_send_order_emails is run [] []
[2020-04-05 15:19:02] main.INFO: Cron Job sales_send_order_emails is successfully finished. Statistics: {"sum":0.0007479190826416,"count":1,"realmem":0,"emalloc":720,"realmem_start":52953088,"emalloc_start":50221472} [] []
[2020-04-05 15:19:02] main.INFO: Cron Job sales_send_order_invoice_emails is run [] []
[2020-04-05 15:19:02] main.INFO: Cron Job sales_send_order_invoice_emails is successfully finished. Statistics: {"sum":0.00055098533630371,"count":1,"realmem":0,"emalloc":752,"realmem_start":52953088,"emalloc_start":50583128} [] []
[2020-04-05 15:19:02] main.INFO: Cron Job sales_send_order_shipment_emails is run [] []
[2020-04-05 15:19:02] main.INFO: Cron Job sales_send_order_shipment_emails is successfully finished. Statistics: {"sum":0.00093317031860352,"count":1,"realmem":0,"emalloc":752,"realmem_start":52953088,"emalloc_start":50928344} [] []
[2020-04-05 15:19:02] main.INFO: Cron Job sales_send_order_creditmemo_emails is run [] []
[2020-04-05 15:19:02] main.INFO: Cron Job sales_send_order_creditmemo_emails is successfully finished. Statistics: {"sum":0.00058698654174805,"count":1,"realmem":0,"emalloc":752,"realmem_start":55050240,"emalloc_start":51277040} [] []
[2020-04-05 15:19:02] main.INFO: Cron Job outdated_authentication_failures_cleanup is run [] []
[2020-04-05 15:19:02] main.INFO: Cron Job outdated_authentication_failures_cleanup is successfully finished. Statistics: {"sum":0.010711908340454,"count":1,"realmem":0,"emalloc":1128,"realmem_start":55050240,"emalloc_start":51321872} [] []
[2020-04-05 15:19:02] main.INFO: Cron Job bulk_cleanup is run [] []
[2020-04-05 15:19:02] main.INFO: Cron Job bulk_cleanup is successfully finished. Statistics: {"sum":0.00087690353393555,"count":1,"realmem":0,"emalloc":5424,"realmem_start":55050240,"emalloc_start":51336960} [] []
[2020-04-05 15:19:03] main.INFO: Cron Job consumers_runner is run [] []
[2020-04-05 15:19:03] main.INFO: Consumer "async.operations.all" skipped as required connection "amqp" is not configured. Unknown connection name amqp [] []
[2020-04-05 15:19:03] main.INFO: Cron Job consumers_runner is successfully finished. Statistics: {"sum":0.010188102722168,"count":1,"realmem":0,"emalloc":20640,"realmem_start":50855936,"emalloc_start":46992128} [] []
[2020-04-05 15:19:03] main.INFO: Cron Job indexer_reindex_all_invalid is run [] []
[2020-04-05 15:19:03] main.INFO: Cron Job indexer_reindex_all_invalid is successfully finished. Statistics: {"sum":0.011865854263306,"count":1,"realmem":0,"emalloc":555536,"realmem_start":50855936,"emalloc_start":46500776} [] []
[2020-04-05 15:19:03] main.INFO: Cron Job yotpo_yotpo_orders_sync is run [] []
[2020-04-05 15:19:03] main.INFO: Cron Job yotpo_yotpo_orders_sync is successfully finished. Statistics: {"sum":0.0049669742584229,"count":1,"realmem":0,"emalloc":321192,"realmem_start":50855936,"emalloc_start":46964472} [] []
[2020-04-05 15:19:03] main.INFO: Cron Job indexer_update_all_views is run [] []
[2020-04-05 15:19:03] main.INFO: Cron Job indexer_update_all_views is successfully finished. Statistics: {"sum":0.27944016456604,"count":1,"realmem":8388608,"emalloc":9341832,"realmem_start":50855936,"emalloc_start":47059352} [] []
[2020-04-05 15:20:02] main.INFO: Cron Job catalog_product_outdated_price_values_cleanup is run [] []
[2020-04-05 15:20:02] main.INFO: Cron Job catalog_product_outdated_price_values_cleanup is successfully finished. Statistics: {"sum":0.00084805488586426,"count":1,"realmem":0,"emalloc":85576,"realmem_start":50855936,"emalloc_start":46665760} [] []
[2020-04-05 15:20:02] main.INFO: Cron Job catalog_product_frontend_actions_flush is run [] []
[2020-04-05 15:20:02] main.INFO: Cron Job catalog_product_frontend_actions_flush is successfully finished. Statistics: {"sum":0.00099802017211914,"count":1,"realmem":0,"emalloc":1128,"realmem_start":50855936,"emalloc_start":46783416} [] []
[2020-04-05 15:20:02] main.INFO: Cron Job catalog_product_attribute_value_synchronize is run [] []
[2020-04-05 15:20:02] main.INFO: Cron Job catalog_product_attribute_value_synchronize is successfully finished. Statistics: {"sum":0.0011458396911621,"count":1,"realmem":0,"emalloc":24528,"realmem_start":50855936,"emalloc_start":47009104} [] []
[2020-04-05 15:20:02] main.INFO: Cron Job sales_grid_order_async_insert is run [] []
[2020-04-05 15:20:02] main.INFO: Cron Job sales_grid_order_async_insert is successfully finished. Statistics: {"sum":0.00078701972961426,"count":1,"realmem":0,"emalloc":752,"realmem_start":50855936,"emalloc_start":47144944} [] []
[2020-04-05 15:20:02] main.INFO: Cron Job sales_grid_order_invoice_async_insert is run [] []
[2020-04-05 15:20:02] main.INFO: Cron Job sales_grid_order_invoice_async_insert is successfully finished. Statistics: {"sum":0.00074291229248047,"count":1,"realmem":0,"emalloc":752,"realmem_start":50855936,"emalloc_start":47148456} [] []
[2020-04-05 15:20:02] main.INFO: Cron Job sales_grid_order_shipment_async_insert is run [] []
[2020-04-05 15:20:02] main.INFO: Cron Job sales_grid_order_shipment_async_insert is successfully finished. Statistics: {"sum":0.00045680999755859,"count":1,"realmem":0,"emalloc":752,"realmem_start":50855936,"emalloc_start":47151328} [] []
[2020-04-05 15:20:02] main.INFO: Cron Job sales_grid_order_creditmemo_async_insert is run [] []
[2020-04-05 15:20:02] main.INFO: Cron Job sales_grid_order_creditmemo_async_insert is successfully finished. Statistics: {"sum":0.0004270076751709,"count":1,"realmem":0,"emalloc":752,"realmem_start":50855936,"emalloc_start":47154200} [] []
[2020-04-05 15:20:02] main.INFO: Cron Job sales_send_order_emails is run [] []
[2020-04-05 15:20:02] main.INFO: Cron Job sales_send_order_emails is successfully finished. Statistics: {"sum":0.00080084800720215,"count":1,"realmem":0,"emalloc":720,"realmem_start":52953088,"emalloc_start":50358752} [] []
[2020-04-05 15:20:02] main.INFO: Cron Job sales_send_order_invoice_emails is run [] []
[2020-04-05 15:20:02] main.INFO: Cron Job sales_send_order_invoice_emails is successfully finished. Statistics: {"sum":0.00062704086303711,"count":1,"realmem":0,"emalloc":752,"realmem_start":52953088,"emalloc_start":50720408} [] []
[2020-04-05 15:20:02] main.INFO: Cron Job sales_send_order_shipment_emails is run [] []
[2020-04-05 15:20:02] main.INFO: Cron Job sales_send_order_shipment_emails is successfully finished. Statistics: {"sum":0.00069880485534668,"count":1,"realmem":0,"emalloc":752,"realmem_start":52953088,"emalloc_start":51041368} [] []
[2020-04-05 15:20:02] main.INFO: Cron Job sales_send_order_creditmemo_emails is run [] []
[2020-04-05 15:20:02] main.INFO: Cron Job sales_send_order_creditmemo_emails is successfully finished. Statistics: {"sum":0.00074410438537598,"count":1,"realmem":0,"emalloc":752,"realmem_start":55050240,"emalloc_start":51434800} [] []
[2020-04-05 15:20:02] main.INFO: Cron Job captcha_delete_expired_images is run [] []
[2020-04-05 15:20:02] main.INFO: Cron Job captcha_delete_expired_images is successfully finished. Statistics: {"sum":0.030237197875977,"count":1,"realmem":0,"emalloc":962616,"realmem_start":55050240,"emalloc_start":51472072} [] []
[2020-04-05 15:20:02] main.INFO: Cron Job outdated_authentication_failures_cleanup is run [] []
[2020-04-05 15:20:02] main.INFO: Cron Job outdated_authentication_failures_cleanup is successfully finished. Statistics: {"sum":0.00084686279296875,"count":1,"realmem":0,"emalloc":1128,"realmem_start":55050240,"emalloc_start":52462448} [] []
[2020-04-05 15:20:02] main.INFO: Cron Job bulk_cleanup is run [] []
[2020-04-05 15:20:02] main.INFO: Cron Job bulk_cleanup is successfully finished. Statistics: {"sum":0.00077986717224121,"count":1,"realmem":0,"emalloc":5424,"realmem_start":55050240,"emalloc_start":52471320} [] []
[2020-04-05 15:20:02] main.INFO: Cron Job magento_newrelicreporting_cron is run [] []
[2020-04-05 15:20:02] main.INFO: Cron Job magento_newrelicreporting_cron is successfully finished. Statistics: {"sum":0.00057291984558105,"count":1,"realmem":0,"emalloc":672,"realmem_start":57147392,"emalloc_start":54138880} [] []
[2020-04-05 15:20:03] main.INFO: Cron Job newsletter_send_all is run [] []
[2020-04-05 15:20:03] main.INFO: Cron Job newsletter_send_all is successfully finished. Statistics: {"sum":0.019327878952026,"count":1,"realmem":0,"emalloc":401320,"realmem_start":57147392,"emalloc_start":54148288} [] []
[2020-04-05 15:20:03] main.INFO: Cron Job get_amazon_capture_updates is run [] []
[2020-04-05 15:20:03] main.INFO: Cron Job get_amazon_capture_updates is successfully finished. Statistics: {"sum":0.0024271011352539,"count":1,"realmem":0,"emalloc":51728,"realmem_start":57147392,"emalloc_start":55334448} [] []
[2020-04-05 15:20:03] main.INFO: Cron Job get_amazon_authorization_updates is run [] []
[2020-04-05 15:20:03] main.INFO: Cron Job get_amazon_authorization_updates is successfully finished. Statistics: {"sum":0.0018720626831055,"count":1,"realmem":0,"emalloc":57952,"realmem_start":61341696,"emalloc_start":58453016} [] []
[2020-04-05 15:20:03] main.INFO: Cron Job amazon_payments_process_queued_refunds is run [] []
[2020-04-05 15:20:03] main.INFO: Cron Job amazon_payments_process_queued_refunds is successfully finished. Statistics: {"sum":0.016000986099243,"count":1,"realmem":0,"emalloc":188248,"realmem_start":61341696,"emalloc_start":58526520} [] []
[2020-04-05 15:20:04] main.INFO: Cron Job scconnector_retrieve_gtag is run [] []
[2020-04-05 15:20:04] main.INFO: Cron Job scconnector_retrieve_gtag is successfully finished. Statistics: {"sum":0.00571608543396,"count":1,"realmem":0,"emalloc":161560,"realmem_start":50855936,"emalloc_start":47110504} [] []
[2020-04-05 15:20:04] main.INFO: Cron Job scconnector_verify_website is run [] []
[2020-04-05 15:20:04] main.INFO: Cron Job scconnector_verify_website is successfully finished. Statistics: {"sum":0.00051522254943848,"count":1,"realmem":0,"emalloc":752,"realmem_start":50855936,"emalloc_start":47300512} [] []
[2020-04-05 15:20:04] main.INFO: Cron Job indexer_reindex_all_invalid is run [] []
[2020-04-05 15:20:04] main.INFO: Cron Job indexer_reindex_all_invalid is successfully finished. Statistics: {"sum":0.021128177642822,"count":1,"realmem":0,"emalloc":555536,"realmem_start":50855936,"emalloc_start":46503840} [] []
[2020-04-05 15:20:04] main.INFO: Cron Job indexer_update_all_views is run [] []
[2020-04-05 15:20:04] main.INFO: Cron Job consumers_runner is run [] []
[2020-04-05 15:20:04] main.INFO: Consumer "async.operations.all" skipped as required connection "amqp" is not configured. Unknown connection name amqp [] []
[2020-04-05 15:20:04] main.INFO: Cron Job consumers_runner is successfully finished. Statistics: {"sum":0.0019629001617432,"count":1,"realmem":0,"emalloc":20640,"realmem_start":50855936,"emalloc_start":46991016} [] []
[2020-04-05 15:20:04] main.INFO: Cron Job yotpo_yotpo_orders_sync is run [] []
[2020-04-05 15:20:04] main.INFO: Cron Job yotpo_yotpo_orders_sync is successfully finished. Statistics: {"sum":0.0036959648132324,"count":1,"realmem":2097152,"emalloc":321192,"realmem_start":50855936,"emalloc_start":46965768} [] []
[2020-04-05 15:20:04] main.INFO: Cron Job indexer_update_all_views is successfully finished. Statistics: {"sum":0.13227200508118,"count":1,"realmem":8388608,"emalloc":9342152,"realmem_start":50855936,"emalloc_start":47062416} [] []
[2020-04-05 15:20:04] main.INFO: Cron Job ddg_automation_abandonedcarts is run [] []
[2020-04-05 15:20:04] main.INFO: Cron Job ddg_automation_abandonedcarts is successfully finished. Statistics: {"sum":0.010116100311279,"count":1,"realmem":0,"emalloc":700864,"realmem_start":59244544,"emalloc_start":56048360} [] []
[2020-04-05 15:20:04] main.INFO: Cron Job ddg_automation_campaign is run [] []
[2020-04-05 15:20:04] main.INFO: Cron Job ddg_automation_campaign is successfully finished. Statistics: {"sum":0.012543916702271,"count":1,"realmem":0,"emalloc":493464,"realmem_start":59244544,"emalloc_start":56749688} [] []
[2020-04-05 15:20:04] main.INFO: Cron Job ddg_automation_importer is run [] []
[2020-04-05 15:20:04] main.INFO: Cron Job ddg_automation_importer is successfully finished. Statistics: {"sum":0.008965015411377,"count":1,"realmem":0,"emalloc":701568,"realmem_start":59244544,"emalloc_start":57242824} [] []
[2020-04-05 15:21:02] main.INFO: Cron Job catalog_product_outdated_price_values_cleanup is run [] []
[2020-04-05 15:21:02] main.INFO: Cron Job catalog_product_outdated_price_values_cleanup is successfully finished. Statistics: {"sum":0.001533031463623,"count":1,"realmem":0,"emalloc":85576,"realmem_start":50855936,"emalloc_start":46644360} [] []
[2020-04-05 15:21:02] main.INFO: Cron Job catalog_product_frontend_actions_flush is run [] []
[2020-04-05 15:21:02] main.INFO: Cron Job catalog_product_frontend_actions_flush is successfully finished. Statistics: {"sum":0.0013599395751953,"count":1,"realmem":0,"emalloc":1128,"realmem_start":50855936,"emalloc_start":46762016} [] []
[2020-04-05 15:21:02] main.INFO: Cron Job sales_grid_order_async_insert is run [] []
[2020-04-05 15:21:02] main.INFO: Cron Job sales_grid_order_async_insert is successfully finished. Statistics: {"sum":0.00081515312194824,"count":1,"realmem":0,"emalloc":752,"realmem_start":50855936,"emalloc_start":47038272} [] []
[2020-04-05 15:21:02] main.INFO: Cron Job sales_grid_order_invoice_async_insert is run [] []
[2020-04-05 15:21:02] main.INFO: Cron Job sales_grid_order_invoice_async_insert is successfully finished. Statistics: {"sum":0.0087010860443115,"count":1,"realmem":0,"emalloc":752,"realmem_start":50855936,"emalloc_start":47041784} [] []
[2020-04-05 15:21:02] main.INFO: Cron Job sales_grid_order_shipment_async_insert is run [] []
[2020-04-05 15:21:02] main.INFO: Cron Job sales_grid_order_shipment_async_insert is successfully finished. Statistics: {"sum":0.00055193901062012,"count":1,"realmem":0,"emalloc":752,"realmem_start":50855936,"emalloc_start":47044656} [] []
[2020-04-05 15:21:02] main.INFO: Cron Job sales_grid_order_creditmemo_async_insert is run [] []
[2020-04-05 15:21:02] main.INFO: Cron Job sales_grid_order_creditmemo_async_insert is successfully finished. Statistics: {"sum":0.00047206878662109,"count":1,"realmem":0,"emalloc":752,"realmem_start":50855936,"emalloc_start":47047528} [] []
[2020-04-05 15:21:02] main.INFO: Cron Job sales_send_order_emails is run [] []
[2020-04-05 15:21:02] main.INFO: Cron Job sales_send_order_emails is successfully finished. Statistics: {"sum":0.00083589553833008,"count":1,"realmem":0,"emalloc":720,"realmem_start":52953088,"emalloc_start":50186544} [] []
[2020-04-05 15:21:02] main.INFO: Cron Job sales_send_order_invoice_emails is run [] []
[2020-04-05 15:21:02] main.INFO: Cron Job sales_send_order_invoice_emails is successfully finished. Statistics: {"sum":0.00079011917114258,"count":1,"realmem":0,"emalloc":752,"realmem_start":52953088,"emalloc_start":50548200} [] []
[2020-04-05 15:21:02] main.INFO: Cron Job sales_send_order_shipment_emails is run [] []
[2020-04-05 15:21:02] main.INFO: Cron Job sales_send_order_shipment_emails is successfully finished. Statistics: {"sum":0.00092816352844238,"count":1,"realmem":0,"emalloc":752,"realmem_start":52953088,"emalloc_start":50893416} [] []
[2020-04-05 15:21:02] main.INFO: Cron Job sales_send_order_creditmemo_emails is run [] []
[2020-04-05 15:21:02] main.INFO: Cron Job sales_send_order_creditmemo_emails is successfully finished. Statistics: {"sum":0.00092101097106934,"count":1,"realmem":0,"emalloc":752,"realmem_start":55050240,"emalloc_start":51242112} [] []
[2020-04-05 15:21:02] main.INFO: Cron Job outdated_authentication_failures_cleanup is run [] []
[2020-04-05 15:21:02] main.INFO: Cron Job outdated_authentication_failures_cleanup is successfully finished. Statistics: {"sum":0.0012328624725342,"count":1,"realmem":0,"emalloc":1128,"realmem_start":55050240,"emalloc_start":51286944} [] []
[2020-04-05 15:21:02] main.INFO: Cron Job bulk_cleanup is run [] []
[2020-04-05 15:21:02] main.INFO: Cron Job bulk_cleanup is successfully finished. Statistics: {"sum":0.013520002365112,"count":1,"realmem":0,"emalloc":5424,"realmem_start":55050240,"emalloc_start":51302032} [] []
[2020-04-05 15:21:03] main.INFO: Cron Job indexer_reindex_all_invalid is run [] []
[2020-04-05 15:21:03] main.INFO: Cron Job indexer_reindex_all_invalid is successfully finished. Statistics: {"sum":0.026333093643188,"count":1,"realmem":0,"emalloc":555536,"realmem_start":50855936,"emalloc_start":46500776} [] []
[2020-04-05 15:21:03] main.INFO: Cron Job indexer_update_all_views is run [] []
[2020-04-05 15:21:03] main.INFO: Cron Job consumers_runner is run [] []
[2020-04-05 15:21:03] main.INFO: Consumer "async.operations.all" skipped as required connection "amqp" is not configured. Unknown connection name amqp [] []
[2020-04-05 15:21:03] main.INFO: Cron Job consumers_runner is successfully finished. Statistics: {"sum":0.0083658695220947,"count":1,"realmem":0,"emalloc":20640,"realmem_start":50855936,"emalloc_start":46989904} [] []
[2020-04-05 15:21:03] main.INFO: Cron Job yotpo_yotpo_orders_sync is run [] []
[2020-04-05 15:21:03] main.INFO: Cron Job yotpo_yotpo_orders_sync is successfully finished. Statistics: {"sum":0.014403104782104,"count":1,"realmem":0,"emalloc":321192,"realmem_start":50855936,"emalloc_start":46964472} [] []
[2020-04-05 15:21:03] main.INFO: Cron Job indexer_update_all_views is successfully finished. Statistics: {"sum":0.15338802337646,"count":1,"realmem":8388608,"emalloc":9341832,"realmem_start":50855936,"emalloc_start":47059352} [] []
[2020-04-05 15:22:02] main.INFO: Cron Job catalog_product_outdated_price_values_cleanup is run [] []
[2020-04-05 15:22:02] main.INFO: Cron Job catalog_product_outdated_price_values_cleanup is successfully finished. Statistics: {"sum":0.00093984603881836,"count":1,"realmem":0,"emalloc":20040,"realmem_start":52953088,"emalloc_start":46967904} [] []
[2020-04-05 15:22:02] main.INFO: Cron Job catalog_product_frontend_actions_flush is run [] []
[2020-04-05 15:22:02] main.INFO: Cron Job catalog_product_frontend_actions_flush is successfully finished. Statistics: {"sum":0.001971960067749,"count":1,"realmem":0,"emalloc":1128,"realmem_start":52953088,"emalloc_start":47020024} [] []
[2020-04-05 15:22:02] main.INFO: Cron Job sales_grid_order_async_insert is run [] []
[2020-04-05 15:22:02] main.INFO: Cron Job sales_grid_order_async_insert is successfully finished. Statistics: {"sum":0.00049710273742676,"count":1,"realmem":0,"emalloc":752,"realmem_start":52953088,"emalloc_start":47296280} [] []
[2020-04-05 15:22:02] main.INFO: Cron Job sales_grid_order_invoice_async_insert is run [] []
[2020-04-05 15:22:02] main.INFO: Cron Job sales_grid_order_invoice_async_insert is successfully finished. Statistics: {"sum":0.0005040168762207,"count":1,"realmem":0,"emalloc":752,"realmem_start":52953088,"emalloc_start":47299792} [] []
[2020-04-05 15:22:02] main.INFO: Cron Job sales_grid_order_shipment_async_insert is run [] []
[2020-04-05 15:22:02] main.INFO: Cron Job sales_grid_order_shipment_async_insert is successfully finished. Statistics: {"sum":0.00052809715270996,"count":1,"realmem":0,"emalloc":752,"realmem_start":52953088,"emalloc_start":47302664} [] []
[2020-04-05 15:22:02] main.INFO: Cron Job sales_grid_order_creditmemo_async_insert is run [] []
[2020-04-05 15:22:02] main.INFO: Cron Job sales_grid_order_creditmemo_async_insert is successfully finished. Statistics: {"sum":0.00043916702270508,"count":1,"realmem":0,"emalloc":752,"realmem_start":52953088,"emalloc_start":47305536} [] []
[2020-04-05 15:22:02] main.INFO: Cron Job sales_send_order_emails is run [] []
[2020-04-05 15:22:02] main.INFO: Cron Job sales_send_order_emails is successfully finished. Statistics: {"sum":0.00055885314941406,"count":1,"realmem":0,"emalloc":720,"realmem_start":52953088,"emalloc_start":50444560} [] []
[2020-04-05 15:22:02] main.INFO: Cron Job sales_send_order_invoice_emails is run [] []
[2020-04-05 15:22:02] main.INFO: Cron Job sales_send_order_invoice_emails is successfully finished. Statistics: {"sum":0.00049090385437012,"count":1,"realmem":0,"emalloc":752,"realmem_start":55050240,"emalloc_start":50871752} [] []
[2020-04-05 15:22:02] main.INFO: Cron Job sales_send_order_shipment_emails is run [] []
[2020-04-05 15:22:02] main.INFO: Cron Job sales_send_order_shipment_emails is successfully finished. Statistics: {"sum":0.00069403648376465,"count":1,"realmem":0,"emalloc":752,"realmem_start":55050240,"emalloc_start":51151432} [] []
[2020-04-05 15:22:02] main.INFO: Cron Job sales_send_order_creditmemo_emails is run [] []
[2020-04-05 15:22:02] main.INFO: Cron Job sales_send_order_creditmemo_emails is successfully finished. Statistics: {"sum":0.00076007843017578,"count":1,"realmem":0,"emalloc":752,"realmem_start":55050240,"emalloc_start":51500128} [] []
[2020-04-05 15:22:02] main.INFO: Cron Job outdated_authentication_failures_cleanup is run [] []
[2020-04-05 15:22:02] main.INFO: Cron Job outdated_authentication_failures_cleanup is successfully finished. Statistics: {"sum":0.00097513198852539,"count":1,"realmem":0,"emalloc":1128,"realmem_start":55050240,"emalloc_start":51610496} [] []
[2020-04-05 15:22:02] main.INFO: Cron Job bulk_cleanup is run [] []
[2020-04-05 15:22:02] main.INFO: Cron Job bulk_cleanup is successfully finished. Statistics: {"sum":0.0012311935424805,"count":1,"realmem":0,"emalloc":5424,"realmem_start":55050240,"emalloc_start":51625584} [] []
[2020-04-05 15:22:02] main.INFO: Cron Job magento_newrelicreporting_cron is run [] []
[2020-04-05 15:22:02] main.INFO: Cron Job magento_newrelicreporting_cron is successfully finished. Statistics: {"sum":0.00056600570678711,"count":1,"realmem":0,"emalloc":672,"realmem_start":55050240,"emalloc_start":53295384} [] []
[2020-04-05 15:22:03] main.INFO: Cron Job indexer_reindex_all_invalid is run [] []
[2020-04-05 15:22:03] main.INFO: Cron Job indexer_reindex_all_invalid is successfully finished. Statistics: {"sum":0.016999006271362,"count":1,"realmem":0,"emalloc":555536,"realmem_start":50855936,"emalloc_start":46503840} [] []
[2020-04-05 15:22:03] main.INFO: Cron Job indexer_update_all_views is run [] []
[2020-04-05 15:22:03] main.INFO: Cron Job consumers_runner is run [] []
[2020-04-05 15:22:03] main.INFO: Consumer "async.operations.all" skipped as required connection "amqp" is not configured. Unknown connection name amqp [] []
[2020-04-05 15:22:03] main.INFO: Cron Job consumers_runner is successfully finished. Statistics: {"sum":0.0031230449676514,"count":1,"realmem":0,"emalloc":20640,"realmem_start":50855936,"emalloc_start":47008664} [] []
[2020-04-05 15:22:03] main.INFO: Cron Job yotpo_yotpo_orders_sync is run [] []
[2020-04-05 15:22:03] main.INFO: Cron Job yotpo_yotpo_orders_sync is successfully finished. Statistics: {"sum":0.003619909286499,"count":1,"realmem":2097152,"emalloc":321192,"realmem_start":50855936,"emalloc_start":46965768} [] []
[2020-04-05 15:22:03] main.INFO: Cron Job indexer_update_all_views is successfully finished. Statistics: {"sum":0.19236493110657,"count":1,"realmem":8388608,"emalloc":9342152,"realmem_start":50855936,"emalloc_start":47062416} [] []
[2020-04-05 15:22:55] main.DEBUG: cache_invalidate:  {"method":"GET","url":"http:/","invalidateInfo":{"tags":["FPC"],"mode":"matchingTag"}} []
[2020-04-05 15:22:55] main.DEBUG: cache_invalidate:  {"method":"GET","url":"http:/","invalidateInfo":{"tags":["CONFIG"],"mode":"matchingTag"}} []
[2020-04-05 15:22:55] main.DEBUG: cache_invalidate:  {"method":"GET","url":"http:/","invalidateInfo":{"tags":["LAYOUT_GENERAL_CACHE_TAG"],"mode":"matchingTag"}} []
[2020-04-05 15:22:55] main.DEBUG: cache_invalidate:  {"method":"GET","url":"http:/","invalidateInfo":{"tags":["BLOCK_HTML"],"mode":"matchingTag"}} []
[2020-04-05 15:22:55] main.DEBUG: cache_invalidate:  {"method":"GET","url":"http:/","invalidateInfo":{"tags":["COLLECTION_DATA"],"mode":"matchingTag"}} []
[2020-04-05 15:22:55] main.DEBUG: cache_invalidate:  {"method":"GET","url":"http:/","invalidateInfo":{"tags":["REFLECTION"],"mode":"matchingTag"}} []
[2020-04-05 15:22:55] main.DEBUG: cache_invalidate:  {"method":"GET","url":"http:/","invalidateInfo":{"tags":["DB_DDL"],"mode":"matchingTag"}} []
[2020-04-05 15:22:55] main.DEBUG: cache_invalidate:  {"method":"GET","url":"http:/","invalidateInfo":{"tags":["COMPILED_CONFIG"],"mode":"matchingTag"}} []
[2020-04-05 15:22:55] main.DEBUG: cache_invalidate:  {"method":"GET","url":"http:/","invalidateInfo":{"tags":["EAV"],"mode":"matchingTag"}} []
[2020-04-05 15:22:55] main.DEBUG: cache_invalidate:  {"method":"GET","url":"http:/","invalidateInfo":{"tags":["CUSTOMER_NOTIFICATION"],"mode":"matchingTag"}} []
[2020-04-05 15:22:55] main.DEBUG: cache_invalidate:  {"method":"GET","url":"http:/","invalidateInfo":{"tags":["INTEGRATION"],"mode":"matchingTag"}} []
[2020-04-05 15:22:55] main.DEBUG: cache_invalidate:  {"method":"GET","url":"http:/","invalidateInfo":{"tags":["INTEGRATION_API_CONFIG"],"mode":"matchingTag"}} []
[2020-04-05 15:22:55] main.DEBUG: cache_invalidate:  {"method":"GET","url":"http:/","invalidateInfo":{"tags":["GOOGLE_PRODUCT"],"mode":"matchingTag"}} []
[2020-04-05 15:22:55] main.DEBUG: cache_invalidate:  {"method":"GET","url":"http:/","invalidateInfo":{"tags":["FPC"],"mode":"matchingTag"}} []
[2020-04-05 15:22:55] main.DEBUG: cache_invalidate:  {"method":"GET","url":"http:/","invalidateInfo":{"tags":["WEBSERVICE"],"mode":"matchingTag"}} []
[2020-04-05 15:22:55] main.DEBUG: cache_invalidate:  {"method":"GET","url":"http:/","invalidateInfo":{"tags":["TRANSLATE"],"mode":"matchingTag"}} []
[2020-04-05 15:22:55] main.DEBUG: cache_invalidate:  {"method":"GET","url":"http:/","invalidateInfo":{"tags":["VERTEX"],"mode":"matchingTag"}} []
[2020-04-05 15:22:59] main.DEBUG: cache_invalidate:  {"method":"GET","url":"https://thenext.bearrunrun.com/","invalidateInfo":{"identifier":"interception"}} []
[2020-04-05 15:23:04] main.DEBUG: cache_invalidate:  {"method":"GET","url":"https://thenext.bearrunrun.com/","invalidateInfo":{"identifier":"LOCKED_RECORD_INFO_SYSTEM_CONFIG"}} []
[2020-04-05 15:23:05] main.INFO: Cron Job catalog_product_outdated_price_values_cleanup is run [] []
[2020-04-05 15:23:05] main.INFO: Cron Job catalog_product_outdated_price_values_cleanup is successfully finished. Statistics: {"sum":0.00094699859619141,"count":1,"realmem":0,"emalloc":20040,"realmem_start":57147392,"emalloc_start":53840896} [] []
[2020-04-05 15:23:05] main.INFO: Cron Job catalog_product_frontend_actions_flush is run [] []
[2020-04-05 15:23:05] main.INFO: Cron Job catalog_product_frontend_actions_flush is successfully finished. Statistics: {"sum":0.0050849914550781,"count":1,"realmem":0,"emalloc":1128,"realmem_start":57147392,"emalloc_start":53893016} [] []
[2020-04-05 15:23:05] main.INFO: Cron Job sales_grid_order_async_insert is run [] []
[2020-04-05 15:23:05] main.INFO: Cron Job sales_grid_order_async_insert is successfully finished. Statistics: {"sum":0.00048685073852539,"count":1,"realmem":0,"emalloc":752,"realmem_start":57147392,"emalloc_start":53947176} [] []
[2020-04-05 15:23:05] main.INFO: Cron Job sales_grid_order_invoice_async_insert is run [] []
[2020-04-05 15:23:05] main.INFO: Cron Job sales_grid_order_invoice_async_insert is successfully finished. Statistics: {"sum":0.00068879127502441,"count":1,"realmem":0,"emalloc":752,"realmem_start":57147392,"emalloc_start":53950688} [] []
[2020-04-05 15:23:05] main.INFO: Cron Job sales_grid_order_shipment_async_insert is run [] []
[2020-04-05 15:23:05] main.INFO: Cron Job sales_grid_order_shipment_async_insert is successfully finished. Statistics: {"sum":0.00063395500183105,"count":1,"realmem":0,"emalloc":752,"realmem_start":57147392,"emalloc_start":53953560} [] []
[2020-04-05 15:23:05] main.INFO: Cron Job sales_grid_order_creditmemo_async_insert is run [] []
[2020-04-05 15:23:05] main.INFO: Cron Job sales_grid_order_creditmemo_async_insert is successfully finished. Statistics: {"sum":0.00054502487182617,"count":1,"realmem":0,"emalloc":752,"realmem_start":57147392,"emalloc_start":53956432} [] []
[2020-04-05 15:23:05] main.INFO: Cron Job sales_send_order_emails is run [] []
[2020-04-05 15:23:05] main.INFO: Cron Job sales_send_order_emails is successfully finished. Statistics: {"sum":0.00057888031005859,"count":1,"realmem":0,"emalloc":832,"realmem_start":59244544,"emalloc_start":57880464} [] []
[2020-04-05 15:23:05] main.INFO: Cron Job sales_send_order_invoice_emails is run [] []
[2020-04-05 15:23:05] main.INFO: Cron Job sales_send_order_invoice_emails is successfully finished. Statistics: {"sum":0.00056004524230957,"count":1,"realmem":0,"emalloc":752,"realmem_start":59244544,"emalloc_start":58241464} [] []
[2020-04-05 15:23:05] main.INFO: Cron Job sales_send_order_shipment_emails is run [] []
[2020-04-05 15:23:05] main.INFO: Cron Job sales_send_order_shipment_emails is successfully finished. Statistics: {"sum":0.00056314468383789,"count":1,"realmem":0,"emalloc":752,"realmem_start":61341696,"emalloc_start":58571152} [] []
[2020-04-05 15:23:05] main.INFO: Cron Job sales_send_order_creditmemo_emails is run [] []
[2020-04-05 15:23:05] main.INFO: Cron Job sales_send_order_creditmemo_emails is successfully finished. Statistics: {"sum":0.00056290626525879,"count":1,"realmem":0,"emalloc":752,"realmem_start":61341696,"emalloc_start":58899160} [] []
[2020-04-05 15:23:05] main.INFO: Cron Job outdated_authentication_failures_cleanup is run [] []
[2020-04-05 15:23:05] main.INFO: Cron Job outdated_authentication_failures_cleanup is successfully finished. Statistics: {"sum":0.00088191032409668,"count":1,"realmem":0,"emalloc":1128,"realmem_start":61341696,"emalloc_start":58923440} [] []
[2020-04-05 15:23:05] main.INFO: Cron Job bulk_cleanup is run [] []
[2020-04-05 15:23:05] main.INFO: Cron Job bulk_cleanup is successfully finished. Statistics: {"sum":0.00085306167602539,"count":1,"realmem":0,"emalloc":5424,"realmem_start":61341696,"emalloc_start":58938528} [] []
[2020-04-05 15:23:06] main.INFO: Cron Job indexer_reindex_all_invalid is run [] []
[2020-04-05 15:23:07] main.INFO: Cron Job indexer_reindex_all_invalid is successfully finished. Statistics: {"sum":0.041406154632568,"count":1,"realmem":0,"emalloc":557536,"realmem_start":50855936,"emalloc_start":46503840} [] []
[2020-04-05 15:23:07] main.INFO: Cron Job indexer_update_all_views is run [] []
[2020-04-05 15:23:07] main.INFO: Cron Job yotpo_yotpo_orders_sync is run [] []
[2020-04-05 15:23:07] main.INFO: Cron Job yotpo_yotpo_orders_sync is successfully finished. Statistics: {"sum":0.10281109809875,"count":1,"realmem":2097152,"emalloc":462280,"realmem_start":50855936,"emalloc_start":46965768} [] []
[2020-04-05 15:23:07] main.INFO: Cron Job indexer_update_all_views is successfully finished. Statistics: {"sum":0.21814489364624,"count":1,"realmem":8388608,"emalloc":9428712,"realmem_start":50855936,"emalloc_start":47089968} [] []
[2020-04-05 15:23:07] main.DEBUG: cache_invalidate:  {"method":"GET","url":"https://thenext.bearrunrun.com/","invalidateInfo":{"identifier":"LOCKED_RECORD_INFO_BLOCK_fa29b7dbaa3f85be393abd6a03effbf9fc76e9d2"}} []
[2020-04-05 15:23:07] main.INFO: Cron Job consumers_runner is run [] []
[2020-04-05 15:23:07] main.INFO: Consumer "async.operations.all" skipped as required connection "amqp" is not configured. Unknown connection name amqp [] []
[2020-04-05 15:23:07] main.INFO: Cron Job consumers_runner is successfully finished. Statistics: {"sum":0.0021560192108154,"count":1,"realmem":0,"emalloc":20696,"realmem_start":59244544,"emalloc_start":56572072} [] []
[2020-04-05 15:23:08] main.ERROR: variable @mobile-cart-padding is undefined in file /home/thenext/domains/thenext.bearrunrun.com/public_html/var/view_preprocessed/pub/static/frontend/Smartwave/porto/en_US/css/source/_extends.less in _extends.less on line 755, column 57
753| .abs-toggling-title {
754|     @abs-toggling-title();
755|     .lib-css(padding, @indent__s @indent__xl @indent__s @mobile-cart-padding);
756|     .lib-icon-font(
757|         @icon-down,
758|         @_icon-font-size: 12px, [] []
[2020-04-05 15:23:08] main.CRITICAL: variable @mobile-cart-padding is undefined in file /home/thenext/domains/thenext.bearrunrun.com/public_html/var/view_preprocessed/pub/static/frontend/Smartwave/porto/en_US/css/source/_extends.less in _extends.less on line 755, column 57
753| .abs-toggling-title {
754|     @abs-toggling-title();
755|     .lib-css(padding, @indent__s @indent__xl @indent__s @mobile-cart-padding);
756|     .lib-icon-font(
757|         @icon-down,
758|         @_icon-font-size: 12px, [] []
[2020-04-05 15:23:09] main.ERROR: variable @mobile-cart-padding is undefined in file /home/thenext/domains/thenext.bearrunrun.com/public_html/var/view_preprocessed/pub/static/frontend/Smartwave/porto/en_US/css/source/_extends.less in _extends.less on line 755, column 57
753| .abs-toggling-title {
754|     @abs-toggling-title();
755|     .lib-css(padding, @indent__s @indent__xl @indent__s @mobile-cart-padding);
756|     .lib-icon-font(
757|         @icon-down,
758|         @_icon-font-size: 12px, [] []
[2020-04-05 15:23:09] main.CRITICAL: variable @mobile-cart-padding is undefined in file /home/thenext/domains/thenext.bearrunrun.com/public_html/var/view_preprocessed/pub/static/frontend/Smartwave/porto/en_US/css/source/_extends.less in _extends.less on line 755, column 57
753| .abs-toggling-title {
754|     @abs-toggling-title();
755|     .lib-css(padding, @indent__s @indent__xl @indent__s @mobile-cart-padding);
756|     .lib-icon-font(
757|         @icon-down,
758|         @_icon-font-size: 12px, [] []
[2020-04-05 15:23:15] main.ERROR: variable @mobile-cart-padding is undefined in file /home/thenext/domains/thenext.bearrunrun.com/public_html/var/view_preprocessed/pub/static/frontend/Smartwave/porto/en_US/css/source/_extends.less in _extends.less on line 755, column 57
753| .abs-toggling-title {
754|     @abs-toggling-title();
755|     .lib-css(padding, @indent__s @indent__xl @indent__s @mobile-cart-padding);
756|     .lib-icon-font(
757|         @icon-down,
758|         @_icon-font-size: 12px, [] []
[2020-04-05 15:23:15] main.CRITICAL: variable @mobile-cart-padding is undefined in file /home/thenext/domains/thenext.bearrunrun.com/public_html/var/view_preprocessed/pub/static/frontend/Smartwave/porto/en_US/css/source/_extends.less in _extends.less on line 755, column 57
753| .abs-toggling-title {
754|     @abs-toggling-title();
755|     .lib-css(padding, @indent__s @indent__xl @indent__s @mobile-cart-padding);
756|     .lib-icon-font(
757|         @icon-down,
758|         @_icon-font-size: 12px, [] []
[2020-04-05 15:23:15] main.ERROR: variable @mobile-cart-padding is undefined in file /home/thenext/domains/thenext.bearrunrun.com/public_html/var/view_preprocessed/pub/static/frontend/Smartwave/porto/en_US/css/source/_extends.less in _extends.less on line 755, column 57
753| .abs-toggling-title {
754|     @abs-toggling-title();
755|     .lib-css(padding, @indent__s @indent__xl @indent__s @mobile-cart-padding);
756|     .lib-icon-font(
757|         @icon-down,
758|         @_icon-font-size: 12px, [] []
[2020-04-05 15:23:15] main.CRITICAL: variable @mobile-cart-padding is undefined in file /home/thenext/domains/thenext.bearrunrun.com/public_html/var/view_preprocessed/pub/static/frontend/Smartwave/porto/en_US/css/source/_extends.less in _extends.less on line 755, column 57
753| .abs-toggling-title {
754|     @abs-toggling-title();
755|     .lib-css(padding, @indent__s @indent__xl @indent__s @mobile-cart-padding);
756|     .lib-icon-font(
757|         @icon-down,
758|         @_icon-font-size: 12px, [] []
[2020-04-05 15:24:02] main.INFO: Cron Job catalog_product_outdated_price_values_cleanup is run [] []
[2020-04-05 15:24:02] main.INFO: Cron Job catalog_product_outdated_price_values_cleanup is successfully finished. Statistics: {"sum":0.00092005729675293,"count":1,"realmem":0,"emalloc":85576,"realmem_start":50855936,"emalloc_start":46874016} [] []
[2020-04-05 15:24:02] main.INFO: Cron Job catalog_product_frontend_actions_flush is run [] []
[2020-04-05 15:24:02] main.INFO: Cron Job catalog_product_frontend_actions_flush is successfully finished. Statistics: {"sum":0.00094294548034668,"count":1,"realmem":0,"emalloc":1128,"realmem_start":50855936,"emalloc_start":46991672} [] []
[2020-04-05 15:24:02] main.INFO: Cron Job sales_grid_order_async_insert is run [] []
[2020-04-05 15:24:02] main.INFO: Cron Job sales_grid_order_async_insert is successfully finished. Statistics: {"sum":0.00054788589477539,"count":1,"realmem":0,"emalloc":752,"realmem_start":50855936,"emalloc_start":47267928} [] []
[2020-04-05 15:24:02] main.INFO: Cron Job sales_grid_order_invoice_async_insert is run [] []
[2020-04-05 15:24:02] main.INFO: Cron Job sales_grid_order_invoice_async_insert is successfully finished. Statistics: {"sum":0.00046014785766602,"count":1,"realmem":0,"emalloc":752,"realmem_start":50855936,"emalloc_start":47271440} [] []
[2020-04-05 15:24:02] main.INFO: Cron Job sales_grid_order_shipment_async_insert is run [] []
[2020-04-05 15:24:02] main.INFO: Cron Job sales_grid_order_shipment_async_insert is successfully finished. Statistics: {"sum":0.00043606758117676,"count":1,"realmem":0,"emalloc":752,"realmem_start":50855936,"emalloc_start":47274312} [] []
[2020-04-05 15:24:02] main.INFO: Cron Job sales_grid_order_creditmemo_async_insert is run [] []
[2020-04-05 15:24:02] main.INFO: Cron Job sales_grid_order_creditmemo_async_insert is successfully finished. Statistics: {"sum":0.00043296813964844,"count":1,"realmem":0,"emalloc":752,"realmem_start":50855936,"emalloc_start":47277184} [] []
[2020-04-05 15:24:02] main.INFO: Cron Job sales_send_order_emails is run [] []
[2020-04-05 15:24:02] main.INFO: Cron Job sales_send_order_emails is successfully finished. Statistics: {"sum":0.00060701370239258,"count":1,"realmem":0,"emalloc":720,"realmem_start":52953088,"emalloc_start":50416200} [] []
[2020-04-05 15:24:02] main.INFO: Cron Job sales_send_order_invoice_emails is run [] []
[2020-04-05 15:24:02] main.INFO: Cron Job sales_send_order_invoice_emails is successfully finished. Statistics: {"sum":0.00053191184997559,"count":1,"realmem":0,"emalloc":752,"realmem_start":52953088,"emalloc_start":50777856} [] []
[2020-04-05 15:24:02] main.INFO: Cron Job sales_send_order_shipment_emails is run [] []
[2020-04-05 15:24:02] main.INFO: Cron Job sales_send_order_shipment_emails is successfully finished. Statistics: {"sum":0.00067520141601562,"count":1,"realmem":0,"emalloc":752,"realmem_start":52953088,"emalloc_start":51123072} [] []
[2020-04-05 15:24:02] main.INFO: Cron Job sales_send_order_creditmemo_emails is run [] []
[2020-04-05 15:24:02] main.INFO: Cron Job sales_send_order_creditmemo_emails is successfully finished. Statistics: {"sum":0.00053191184997559,"count":1,"realmem":0,"emalloc":752,"realmem_start":55050240,"emalloc_start":51471768} [] []
[2020-04-05 15:24:02] main.INFO: Cron Job outdated_authentication_failures_cleanup is run [] []
[2020-04-05 15:24:02] main.INFO: Cron Job outdated_authentication_failures_cleanup is successfully finished. Statistics: {"sum":0.00081181526184082,"count":1,"realmem":0,"emalloc":1128,"realmem_start":55050240,"emalloc_start":51516600} [] []
[2020-04-05 15:24:02] main.INFO: Cron Job bulk_cleanup is run [] []
[2020-04-05 15:24:02] main.INFO: Cron Job bulk_cleanup is successfully finished. Statistics: {"sum":0.00093197822570801,"count":1,"realmem":0,"emalloc":5424,"realmem_start":55050240,"emalloc_start":51531688} [] []
[2020-04-05 15:24:02] main.INFO: Cron Job magento_newrelicreporting_cron is run [] []
[2020-04-05 15:24:02] main.INFO: Cron Job magento_newrelicreporting_cron is successfully finished. Statistics: {"sum":0.00065302848815918,"count":1,"realmem":0,"emalloc":672,"realmem_start":55050240,"emalloc_start":53267024} [] []
[2020-04-05 15:24:03] main.INFO: Cron Job indexer_reindex_all_invalid is run [] []
[2020-04-05 15:24:03] main.INFO: Cron Job indexer_reindex_all_invalid is successfully finished. Statistics: {"sum":0.017552852630615,"count":1,"realmem":0,"emalloc":555536,"realmem_start":50855936,"emalloc_start":46500776} [] []
[2020-04-05 15:24:03] main.INFO: Cron Job indexer_update_all_views is run [] []
[2020-04-05 15:24:03] main.INFO: Cron Job consumers_runner is run [] []
[2020-04-05 15:24:03] main.INFO: Consumer "async.operations.all" skipped as required connection "amqp" is not configured. Unknown connection name amqp [] []
[2020-04-05 15:24:03] main.INFO: Cron Job consumers_runner is successfully finished. Statistics: {"sum":0.011054992675781,"count":1,"realmem":0,"emalloc":20640,"realmem_start":50855936,"emalloc_start":47006280} [] []
[2020-04-05 15:24:03] main.INFO: Cron Job yotpo_yotpo_orders_sync is run [] []
[2020-04-05 15:24:03] main.INFO: Cron Job yotpo_yotpo_orders_sync is successfully finished. Statistics: {"sum":0.003903865814209,"count":1,"realmem":0,"emalloc":321192,"realmem_start":50855936,"emalloc_start":46964472} [] []
[2020-04-05 15:24:03] main.INFO: Cron Job indexer_update_all_views is successfully finished. Statistics: {"sum":0.11314010620117,"count":1,"realmem":8388608,"emalloc":9341832,"realmem_start":50855936,"emalloc_start":47059352} [] []
[2020-04-05 15:25:02] main.INFO: Cron Job catalog_product_outdated_price_values_cleanup is run [] []
[2020-04-05 15:25:02] main.INFO: Cron Job catalog_product_outdated_price_values_cleanup is successfully finished. Statistics: {"sum":0.0014200210571289,"count":1,"realmem":0,"emalloc":20040,"realmem_start":50855936,"emalloc_start":47197320} [] []
[2020-04-05 15:25:02] main.INFO: Cron Job catalog_product_frontend_actions_flush is run [] []
[2020-04-05 15:25:02] main.INFO: Cron Job catalog_product_frontend_actions_flush is successfully finished. Statistics: {"sum":0.0016400814056396,"count":1,"realmem":0,"emalloc":1128,"realmem_start":50855936,"emalloc_start":47249440} [] []
[2020-04-05 15:25:02] main.INFO: Cron Job catalog_product_attribute_value_synchronize is run [] []
[2020-04-05 15:25:02] main.INFO: Cron Job catalog_product_attribute_value_synchronize is successfully finished. Statistics: {"sum":0.0012369155883789,"count":1,"realmem":0,"emalloc":24528,"realmem_start":50855936,"emalloc_start":47311288} [] []
[2020-04-05 15:25:02] main.INFO: Cron Job sales_grid_order_async_insert is run [] []
[2020-04-05 15:25:02] main.INFO: Cron Job sales_grid_order_async_insert is successfully finished. Statistics: {"sum":0.0006101131439209,"count":1,"realmem":0,"emalloc":752,"realmem_start":52953088,"emalloc_start":47512664} [] []
[2020-04-05 15:25:02] main.INFO: Cron Job sales_grid_order_invoice_async_insert is run [] []
[2020-04-05 15:25:02] main.INFO: Cron Job sales_grid_order_invoice_async_insert is successfully finished. Statistics: {"sum":0.00081992149353027,"count":1,"realmem":0,"emalloc":752,"realmem_start":52953088,"emalloc_start":47516176} [] []
[2020-04-05 15:25:02] main.INFO: Cron Job sales_grid_order_shipment_async_insert is run [] []
[2020-04-05 15:25:02] main.INFO: Cron Job sales_grid_order_shipment_async_insert is successfully finished. Statistics: {"sum":0.00069618225097656,"count":1,"realmem":0,"emalloc":752,"realmem_start":52953088,"emalloc_start":47519048} [] []
[2020-04-05 15:25:02] main.INFO: Cron Job sales_grid_order_creditmemo_async_insert is run [] []
[2020-04-05 15:25:02] main.INFO: Cron Job sales_grid_order_creditmemo_async_insert is successfully finished. Statistics: {"sum":0.00072193145751953,"count":1,"realmem":0,"emalloc":752,"realmem_start":52953088,"emalloc_start":47521920} [] []
[2020-04-05 15:25:02] main.INFO: Cron Job sales_send_order_emails is run [] []
[2020-04-05 15:25:02] main.INFO: Cron Job sales_send_order_emails is successfully finished. Statistics: {"sum":0.00075292587280273,"count":1,"realmem":0,"emalloc":720,"realmem_start":52953088,"emalloc_start":50660936} [] []
[2020-04-05 15:25:02] main.INFO: Cron Job sales_send_order_invoice_emails is run [] []
[2020-04-05 15:25:02] main.INFO: Cron Job sales_send_order_invoice_emails is successfully finished. Statistics: {"sum":0.0009458065032959,"count":1,"realmem":0,"emalloc":752,"realmem_start":52953088,"emalloc_start":51022592} [] []
[2020-04-05 15:25:02] main.INFO: Cron Job sales_send_order_shipment_emails is run [] []
[2020-04-05 15:25:02] main.INFO: Cron Job sales_send_order_shipment_emails is successfully finished. Statistics: {"sum":0.00088787078857422,"count":1,"realmem":0,"emalloc":752,"realmem_start":55050240,"emalloc_start":51409088} [] []
[2020-04-05 15:25:02] main.INFO: Cron Job sales_send_order_creditmemo_emails is run [] []
[2020-04-05 15:25:02] main.INFO: Cron Job sales_send_order_creditmemo_emails is successfully finished. Statistics: {"sum":0.00071310997009277,"count":1,"realmem":0,"emalloc":752,"realmem_start":55050240,"emalloc_start":51736984} [] []
[2020-04-05 15:25:02] main.INFO: Cron Job outdated_authentication_failures_cleanup is run [] []
[2020-04-05 15:25:02] main.INFO: Cron Job outdated_authentication_failures_cleanup is successfully finished. Statistics: {"sum":0.00091099739074707,"count":1,"realmem":0,"emalloc":1128,"realmem_start":55050240,"emalloc_start":51761336} [] []
[2020-04-05 15:25:02] main.INFO: Cron Job bulk_cleanup is run [] []
[2020-04-05 15:25:02] main.INFO: Cron Job bulk_cleanup is successfully finished. Statistics: {"sum":0.0010859966278076,"count":1,"realmem":0,"emalloc":5424,"realmem_start":55050240,"emalloc_start":51770208} [] []
[2020-04-05 15:25:02] main.INFO: Cron Job newsletter_send_all is run [] []
[2020-04-05 15:25:02] main.INFO: Cron Job newsletter_send_all is successfully finished. Statistics: {"sum":0.027746915817261,"count":1,"realmem":0,"emalloc":401784,"realmem_start":55050240,"emalloc_start":51784352} [] []
[2020-04-05 15:25:03] main.INFO: Cron Job get_amazon_capture_updates is run [] []
[2020-04-05 15:25:03] main.INFO: Cron Job get_amazon_capture_updates is successfully finished. Statistics: {"sum":0.0062398910522461,"count":1,"realmem":0,"emalloc":117264,"realmem_start":55050240,"emalloc_start":52910568} [] []
[2020-04-05 15:25:03] main.INFO: Cron Job get_amazon_authorization_updates is run [] []
[2020-04-05 15:25:03] main.INFO: Cron Job get_amazon_authorization_updates is successfully finished. Statistics: {"sum":0.0025780200958252,"count":1,"realmem":0,"emalloc":57960,"realmem_start":59244544,"emalloc_start":56777832} [] []
[2020-04-05 15:25:03] main.INFO: Cron Job amazon_payments_process_queued_refunds is run [] []
[2020-04-05 15:25:03] main.INFO: Cron Job amazon_payments_process_queued_refunds is successfully finished. Statistics: {"sum":0.018009901046753,"count":1,"realmem":0,"emalloc":188248,"realmem_start":59244544,"emalloc_start":56851344} [] []
[2020-04-05 15:25:04] main.INFO: Cron Job yotpo_yotpo_orders_sync is run [] []
[2020-04-05 15:25:04] main.INFO: Cron Job yotpo_yotpo_orders_sync is successfully finished. Statistics: {"sum":0.0064589977264404,"count":1,"realmem":2097152,"emalloc":321192,"realmem_start":50855936,"emalloc_start":46965768} [] []
[2020-04-05 15:25:04] main.INFO: Cron Job consumers_runner is run [] []
[2020-04-05 15:25:04] main.INFO: Consumer "async.operations.all" skipped as required connection "amqp" is not configured. Unknown connection name amqp [] []
[2020-04-05 15:25:04] main.INFO: Cron Job consumers_runner is successfully finished. Statistics: {"sum":0.0030639171600342,"count":1,"realmem":0,"emalloc":20640,"realmem_start":50855936,"emalloc_start":47005168} [] []
[2020-04-05 15:25:04] main.INFO: Cron Job indexer_reindex_all_invalid is run [] []
[2020-04-05 15:25:04] main.INFO: Cron Job indexer_reindex_all_invalid is successfully finished. Statistics: {"sum":0.011745929718018,"count":1,"realmem":0,"emalloc":555536,"realmem_start":50855936,"emalloc_start":46503840} [] []
[2020-04-05 15:25:04] main.INFO: Cron Job indexer_update_all_views is run [] []
[2020-04-05 15:25:04] main.INFO: Cron Job ddg_automation_abandonedcarts is run [] []
[2020-04-05 15:25:04] main.INFO: Cron Job ddg_automation_abandonedcarts is successfully finished. Statistics: {"sum":0.013489961624146,"count":1,"realmem":0,"emalloc":700864,"realmem_start":59244544,"emalloc_start":56048360} [] []
[2020-04-05 15:25:04] main.INFO: Cron Job ddg_automation_campaign is run [] []
[2020-04-05 15:25:04] main.INFO: Cron Job indexer_update_all_views is successfully finished. Statistics: {"sum":0.1891188621521,"count":1,"realmem":8388608,"emalloc":9342152,"realmem_start":50855936,"emalloc_start":47062416} [] []
[2020-04-05 15:25:04] main.INFO: Cron Job ddg_automation_campaign is successfully finished. Statistics: {"sum":0.017096996307373,"count":1,"realmem":0,"emalloc":493464,"realmem_start":59244544,"emalloc_start":56749688} [] []
[2020-04-05 15:25:04] main.INFO: Cron Job ddg_automation_importer is run [] []
[2020-04-05 15:25:04] main.INFO: Cron Job ddg_automation_importer is successfully finished. Statistics: {"sum":0.012405157089233,"count":1,"realmem":0,"emalloc":701568,"realmem_start":59244544,"emalloc_start":57242824} [] []
[2020-04-05 15:26:02] main.INFO: Cron Job catalog_product_outdated_price_values_cleanup is run [] []
[2020-04-05 15:26:02] main.INFO: Cron Job catalog_product_outdated_price_values_cleanup is successfully finished. Statistics: {"sum":0.0011370182037354,"count":1,"realmem":0,"emalloc":85576,"realmem_start":50855936,"emalloc_start":46823824} [] []
[2020-04-05 15:26:02] main.INFO: Cron Job catalog_product_frontend_actions_flush is run [] []
[2020-04-05 15:26:02] main.INFO: Cron Job catalog_product_frontend_actions_flush is successfully finished. Statistics: {"sum":0.0013248920440674,"count":1,"realmem":0,"emalloc":1128,"realmem_start":50855936,"emalloc_start":46941480} [] []
[2020-04-05 15:26:02] main.INFO: Cron Job sales_grid_order_async_insert is run [] []
[2020-04-05 15:26:02] main.INFO: Cron Job sales_grid_order_async_insert is successfully finished. Statistics: {"sum":0.00056290626525879,"count":1,"realmem":0,"emalloc":752,"realmem_start":50855936,"emalloc_start":47217736} [] []
[2020-04-05 15:26:02] main.INFO: Cron Job sales_grid_order_invoice_async_insert is run [] []
[2020-04-05 15:26:02] main.INFO: Cron Job sales_grid_order_invoice_async_insert is successfully finished. Statistics: {"sum":0.00074911117553711,"count":1,"realmem":0,"emalloc":752,"realmem_start":50855936,"emalloc_start":47221248} [] []
[2020-04-05 15:26:02] main.INFO: Cron Job sales_grid_order_shipment_async_insert is run [] []
[2020-04-05 15:26:02] main.INFO: Cron Job sales_grid_order_shipment_async_insert is successfully finished. Statistics: {"sum":0.00076198577880859,"count":1,"realmem":0,"emalloc":752,"realmem_start":50855936,"emalloc_start":47224120} [] []
[2020-04-05 15:26:02] main.INFO: Cron Job sales_grid_order_creditmemo_async_insert is run [] []
[2020-04-05 15:26:02] main.INFO: Cron Job sales_grid_order_creditmemo_async_insert is successfully finished. Statistics: {"sum":0.00072813034057617,"count":1,"realmem":0,"emalloc":752,"realmem_start":50855936,"emalloc_start":47226992} [] []
[2020-04-05 15:26:02] main.INFO: Cron Job sales_send_order_emails is run [] []
[2020-04-05 15:26:02] main.INFO: Cron Job sales_send_order_emails is successfully finished. Statistics: {"sum":0.00076103210449219,"count":1,"realmem":0,"emalloc":720,"realmem_start":52953088,"emalloc_start":50366008} [] []
[2020-04-05 15:26:02] main.INFO: Cron Job sales_send_order_invoice_emails is run [] []
[2020-04-05 15:26:02] main.INFO: Cron Job sales_send_order_invoice_emails is successfully finished. Statistics: {"sum":0.00054097175598145,"count":1,"realmem":0,"emalloc":752,"realmem_start":52953088,"emalloc_start":50727664} [] []
[2020-04-05 15:26:02] main.INFO: Cron Job sales_send_order_shipment_emails is run [] []
[2020-04-05 15:26:02] main.INFO: Cron Job sales_send_order_shipment_emails is successfully finished. Statistics: {"sum":0.00081706047058105,"count":1,"realmem":0,"emalloc":752,"realmem_start":52953088,"emalloc_start":51072880} [] []
[2020-04-05 15:26:02] main.INFO: Cron Job sales_send_order_creditmemo_emails is run [] []
[2020-04-05 15:26:02] main.INFO: Cron Job sales_send_order_creditmemo_emails is successfully finished. Statistics: {"sum":0.00053000450134277,"count":1,"realmem":0,"emalloc":752,"realmem_start":55050240,"emalloc_start":51421576} [] []
[2020-04-05 15:26:02] main.INFO: Cron Job outdated_authentication_failures_cleanup is run [] []
[2020-04-05 15:26:02] main.INFO: Cron Job outdated_authentication_failures_cleanup is successfully finished. Statistics: {"sum":0.0076198577880859,"count":1,"realmem":0,"emalloc":1128,"realmem_start":55050240,"emalloc_start":51466408} [] []
[2020-04-05 15:26:02] main.INFO: Cron Job bulk_cleanup is run [] []
[2020-04-05 15:26:02] main.INFO: Cron Job bulk_cleanup is successfully finished. Statistics: {"sum":0.0067989826202393,"count":1,"realmem":0,"emalloc":5424,"realmem_start":55050240,"emalloc_start":51481496} [] []
[2020-04-05 15:26:02] main.INFO: Cron Job magento_newrelicreporting_cron is run [] []
[2020-04-05 15:26:02] main.INFO: Cron Job magento_newrelicreporting_cron is successfully finished. Statistics: {"sum":0.00065112113952637,"count":1,"realmem":0,"emalloc":672,"realmem_start":55050240,"emalloc_start":53216832} [] []
[2020-04-05 15:26:03] main.INFO: Cron Job indexer_reindex_all_invalid is run [] []
[2020-04-05 15:26:03] main.INFO: Cron Job indexer_reindex_all_invalid is successfully finished. Statistics: {"sum":0.01087498664856,"count":1,"realmem":0,"emalloc":555536,"realmem_start":50855936,"emalloc_start":46500776} [] []
[2020-04-05 15:26:03] main.INFO: Cron Job consumers_runner is run [] []
[2020-04-05 15:26:03] main.INFO: Cron Job indexer_update_all_views is run [] []
[2020-04-05 15:26:03] main.INFO: Consumer "async.operations.all" skipped as required connection "amqp" is not configured. Unknown connection name amqp [] []
[2020-04-05 15:26:03] main.INFO: Cron Job consumers_runner is successfully finished. Statistics: {"sum":0.0022561550140381,"count":1,"realmem":0,"emalloc":20640,"realmem_start":50855936,"emalloc_start":47004056} [] []
[2020-04-05 15:26:03] main.INFO: Cron Job yotpo_yotpo_orders_sync is run [] []
[2020-04-05 15:26:03] main.INFO: Cron Job yotpo_yotpo_orders_sync is successfully finished. Statistics: {"sum":0.003248929977417,"count":1,"realmem":0,"emalloc":321192,"realmem_start":50855936,"emalloc_start":46964472} [] []
[2020-04-05 15:26:03] main.INFO: Cron Job indexer_update_all_views is successfully finished. Statistics: {"sum":0.11899209022522,"count":1,"realmem":8388608,"emalloc":9341832,"realmem_start":50855936,"emalloc_start":47059352} [] []
[2020-04-05 15:27:04] main.DEBUG: cache_invalidate:  {"method":"GET","url":"http:/","invalidateInfo":{"identifier":"interception"}} []
[2020-04-05 15:27:04] main.DEBUG: cache_invalidate:  {"method":"GET","url":"http:/","invalidateInfo":{"identifier":"interception"}} []
[2020-04-05 15:27:07] main.DEBUG: cache_invalidate:  {"method":"GET","url":"http:/","invalidateInfo":{"identifier":"interception"}} []
[2020-04-05 15:27:10] main.DEBUG: cache_invalidate:  {"method":"GET","url":"http:/","invalidateInfo":{"identifier":"LOCKED_RECORD_INFO_SYSTEM_CONFIG"}} []
[2020-04-05 15:27:10] main.INFO: 0 cron jobs were cleaned [] []
[2020-04-05 15:27:10] main.INFO: 169 cron jobs were cleaned [] []
[2020-04-05 15:27:11] main.INFO: Cron Job catalog_product_outdated_price_values_cleanup is run [] []
[2020-04-05 15:27:11] main.INFO: Cron Job catalog_product_outdated_price_values_cleanup is successfully finished. Statistics: {"sum":0.0008699893951416,"count":1,"realmem":0,"emalloc":704,"realmem_start":82837504,"emalloc_start":78463584} [] []
[2020-04-05 15:27:11] main.INFO: Cron Job catalog_product_frontend_actions_flush is run [] []
[2020-04-05 15:27:11] main.INFO: Cron Job catalog_product_frontend_actions_flush is successfully finished. Statistics: {"sum":0.0041680335998535,"count":1,"realmem":0,"emalloc":1128,"realmem_start":82837504,"emalloc_start":78492032} [] []
[2020-04-05 15:27:11] main.INFO: Cron Job sales_grid_order_async_insert is run [] []
[2020-04-05 15:27:11] main.INFO: Cron Job sales_grid_order_async_insert is successfully finished. Statistics: {"sum":0.00054788589477539,"count":1,"realmem":0,"emalloc":752,"realmem_start":82837504,"emalloc_start":78546064} [] []
[2020-04-05 15:27:11] main.INFO: Cron Job sales_grid_order_invoice_async_insert is run [] []
[2020-04-05 15:27:11] main.INFO: Cron Job sales_grid_order_invoice_async_insert is successfully finished. Statistics: {"sum":0.00057005882263184,"count":1,"realmem":0,"emalloc":752,"realmem_start":82837504,"emalloc_start":78549576} [] []
[2020-04-05 15:27:11] main.INFO: Cron Job sales_grid_order_shipment_async_insert is run [] []
[2020-04-05 15:27:11] main.INFO: Cron Job sales_grid_order_shipment_async_insert is successfully finished. Statistics: {"sum":0.00056600570678711,"count":1,"realmem":0,"emalloc":752,"realmem_start":82837504,"emalloc_start":78552448} [] []
[2020-04-05 15:27:11] main.INFO: Cron Job sales_grid_order_creditmemo_async_insert is run [] []
[2020-04-05 15:27:11] main.INFO: Cron Job sales_grid_order_creditmemo_async_insert is successfully finished. Statistics: {"sum":0.0005190372467041,"count":1,"realmem":0,"emalloc":752,"realmem_start":82837504,"emalloc_start":78555320} [] []
[2020-04-05 15:27:11] main.INFO: Cron Job sales_send_order_emails is run [] []
[2020-04-05 15:27:11] main.INFO: Cron Job sales_send_order_emails is successfully finished. Statistics: {"sum":0.001741886138916,"count":1,"realmem":0,"emalloc":832,"realmem_start":84934656,"emalloc_start":81449632} [] []
[2020-04-05 15:27:11] main.INFO: Cron Job sales_send_order_invoice_emails is run [] []
[2020-04-05 15:27:11] main.INFO: Cron Job sales_send_order_invoice_emails is successfully finished. Statistics: {"sum":0.0005030632019043,"count":1,"realmem":0,"emalloc":752,"realmem_start":84934656,"emalloc_start":81820504} [] []
[2020-04-05 15:27:11] main.INFO: Cron Job sales_send_order_shipment_emails is run [] []
[2020-04-05 15:27:11] main.INFO: Cron Job sales_send_order_shipment_emails is successfully finished. Statistics: {"sum":0.00055885314941406,"count":1,"realmem":0,"emalloc":752,"realmem_start":84934656,"emalloc_start":82149368} [] []
[2020-04-05 15:27:11] main.INFO: Cron Job sales_send_order_creditmemo_emails is run [] []
[2020-04-05 15:27:11] main.INFO: Cron Job sales_send_order_creditmemo_emails is successfully finished. Statistics: {"sum":0.00050997734069824,"count":1,"realmem":0,"emalloc":752,"realmem_start":84934656,"emalloc_start":82466424} [] []
[2020-04-05 15:27:11] main.INFO: Cron Job outdated_authentication_failures_cleanup is run [] []
[2020-04-05 15:27:11] main.INFO: Cron Job outdated_authentication_failures_cleanup is successfully finished. Statistics: {"sum":0.003943920135498,"count":1,"realmem":0,"emalloc":1128,"realmem_start":84934656,"emalloc_start":82490704} [] []
[2020-04-05 15:27:11] main.INFO: Cron Job bulk_cleanup is run [] []
[2020-04-05 15:27:11] main.INFO: Cron Job bulk_cleanup is successfully finished. Statistics: {"sum":0.00086307525634766,"count":1,"realmem":0,"emalloc":5424,"realmem_start":84934656,"emalloc_start":82505792} [] []
[2020-04-05 15:27:12] main.INFO: 22 cron jobs were cleaned [] []
[2020-04-05 15:27:12] main.INFO: Cron Job indexer_reindex_all_invalid is run [] []
[2020-04-05 15:27:12] main.INFO: Cron Job indexer_reindex_all_invalid is successfully finished. Statistics: {"sum":0.047333002090454,"count":1,"realmem":0,"emalloc":538200,"realmem_start":50855936,"emalloc_start":46523176} [] []
[2020-04-05 15:27:12] main.INFO: Cron Job indexer_update_all_views is run [] []
[2020-04-05 15:27:12] main.INFO: 13 cron jobs were cleaned [] []
[2020-04-05 15:27:12] main.INFO: 11 cron jobs were cleaned [] []
[2020-04-05 15:27:12] main.INFO: Cron Job yotpo_yotpo_orders_sync is run [] []
[2020-04-05 15:27:12] main.INFO: 4 cron jobs were cleaned [] []
[2020-04-05 15:27:12] main.INFO: 14 cron jobs were cleaned [] []
[2020-04-05 15:27:12] main.INFO: Cron Job yotpo_yotpo_orders_sync is successfully finished. Statistics: {"sum":0.1822669506073,"count":1,"realmem":2097152,"emalloc":448184,"realmem_start":50855936,"emalloc_start":46985104} [] []
[2020-04-05 15:27:12] main.INFO: Cron Job indexer_update_all_views is successfully finished. Statistics: {"sum":0.41749095916748,"count":1,"realmem":8388608,"emalloc":9439600,"realmem_start":50855936,"emalloc_start":47089968} [] []
[2020-04-05 15:27:13] main.INFO: Cron Job consumers_runner is run [] []
[2020-04-05 15:27:13] main.INFO: Consumer "async.operations.all" skipped as required connection "amqp" is not configured. Unknown connection name amqp [] []
[2020-04-05 15:27:13] main.INFO: Cron Job consumers_runner is successfully finished. Statistics: {"sum":0.0015239715576172,"count":1,"realmem":0,"emalloc":1360,"realmem_start":59244544,"emalloc_start":56592728} [] []
[2020-04-05 15:28:01] main.INFO: Cron Job catalog_product_outdated_price_values_cleanup is run [] []
[2020-04-05 15:28:01] main.INFO: Cron Job catalog_product_outdated_price_values_cleanup is successfully finished. Statistics: {"sum":0.0011839866638184,"count":1,"realmem":0,"emalloc":85576,"realmem_start":50855936,"emalloc_start":46889784} [] []
[2020-04-05 15:28:01] main.INFO: Cron Job catalog_product_frontend_actions_flush is run [] []
[2020-04-05 15:28:01] main.INFO: Cron Job catalog_product_frontend_actions_flush is successfully finished. Statistics: {"sum":0.0012719631195068,"count":1,"realmem":0,"emalloc":1128,"realmem_start":50855936,"emalloc_start":47007440} [] []
[2020-04-05 15:28:01] main.INFO: Cron Job sales_grid_order_async_insert is run [] []
[2020-04-05 15:28:01] main.INFO: Cron Job sales_grid_order_async_insert is successfully finished. Statistics: {"sum":0.00056815147399902,"count":1,"realmem":0,"emalloc":752,"realmem_start":50855936,"emalloc_start":47283696} [] []
[2020-04-05 15:28:01] main.INFO: Cron Job sales_grid_order_invoice_async_insert is run [] []
[2020-04-05 15:28:01] main.INFO: Cron Job sales_grid_order_invoice_async_insert is successfully finished. Statistics: {"sum":0.00053310394287109,"count":1,"realmem":0,"emalloc":752,"realmem_start":50855936,"emalloc_start":47287208} [] []
[2020-04-05 15:28:02] main.INFO: Cron Job sales_grid_order_shipment_async_insert is run [] []
[2020-04-05 15:28:02] main.INFO: Cron Job sales_grid_order_shipment_async_insert is successfully finished. Statistics: {"sum":0.00077509880065918,"count":1,"realmem":0,"emalloc":752,"realmem_start":50855936,"emalloc_start":47290080} [] []
[2020-04-05 15:28:02] main.INFO: Cron Job sales_grid_order_creditmemo_async_insert is run [] []
[2020-04-05 15:28:02] main.INFO: Cron Job sales_grid_order_creditmemo_async_insert is successfully finished. Statistics: {"sum":0.0004880428314209,"count":1,"realmem":0,"emalloc":752,"realmem_start":50855936,"emalloc_start":47292952} [] []
[2020-04-05 15:28:02] main.INFO: Cron Job sales_send_order_emails is run [] []
[2020-04-05 15:28:02] main.INFO: Cron Job sales_send_order_emails is successfully finished. Statistics: {"sum":0.00064301490783691,"count":1,"realmem":0,"emalloc":720,"realmem_start":52953088,"emalloc_start":50431968} [] []
[2020-04-05 15:28:02] main.INFO: Cron Job sales_send_order_invoice_emails is run [] []
[2020-04-05 15:28:02] main.INFO: Cron Job sales_send_order_invoice_emails is successfully finished. Statistics: {"sum":0.0004730224609375,"count":1,"realmem":0,"emalloc":752,"realmem_start":52953088,"emalloc_start":50793624} [] []
[2020-04-05 15:28:02] main.INFO: Cron Job sales_send_order_shipment_emails is run [] []
[2020-04-05 15:28:02] main.INFO: Cron Job sales_send_order_shipment_emails is successfully finished. Statistics: {"sum":0.00054812431335449,"count":1,"realmem":0,"emalloc":752,"realmem_start":52953088,"emalloc_start":51138840} [] []
[2020-04-05 15:28:02] main.INFO: Cron Job sales_send_order_creditmemo_emails is run [] []
[2020-04-05 15:28:02] main.INFO: Cron Job sales_send_order_creditmemo_emails is successfully finished. Statistics: {"sum":0.00082993507385254,"count":1,"realmem":0,"emalloc":752,"realmem_start":55050240,"emalloc_start":51487536} [] []
[2020-04-05 15:28:02] main.INFO: Cron Job outdated_authentication_failures_cleanup is run [] []
[2020-04-05 15:28:02] main.INFO: Cron Job outdated_authentication_failures_cleanup is successfully finished. Statistics: {"sum":0.00087404251098633,"count":1,"realmem":0,"emalloc":1128,"realmem_start":55050240,"emalloc_start":51532368} [] []
[2020-04-05 15:28:02] main.INFO: Cron Job bulk_cleanup is run [] []
[2020-04-05 15:28:02] main.INFO: Cron Job bulk_cleanup is successfully finished. Statistics: {"sum":0.00082802772521973,"count":1,"realmem":0,"emalloc":5424,"realmem_start":55050240,"emalloc_start":51547456} [] []
[2020-04-05 15:28:02] main.INFO: Cron Job magento_newrelicreporting_cron is run [] []
[2020-04-05 15:28:02] main.INFO: Cron Job magento_newrelicreporting_cron is successfully finished. Statistics: {"sum":0.00056219100952148,"count":1,"realmem":0,"emalloc":672,"realmem_start":55050240,"emalloc_start":53281552} [] []
[2020-04-05 15:28:03] main.INFO: Cron Job consumers_runner is run [] []
[2020-04-05 15:28:03] main.INFO: Consumer "async.operations.all" skipped as required connection "amqp" is not configured. Unknown connection name amqp [] []
[2020-04-05 15:28:03] main.INFO: Cron Job consumers_runner is successfully finished. Statistics: {"sum":0.0061759948730469,"count":1,"realmem":0,"emalloc":20640,"realmem_start":50855936,"emalloc_start":47007392} [] []
[2020-04-05 15:28:03] main.INFO: Cron Job indexer_reindex_all_invalid is run [] []
[2020-04-05 15:28:03] main.INFO: Cron Job indexer_reindex_all_invalid is successfully finished. Statistics: {"sum":0.020262002944946,"count":1,"realmem":0,"emalloc":555536,"realmem_start":50855936,"emalloc_start":46500776} [] []
[2020-04-05 15:28:03] main.INFO: Cron Job yotpo_yotpo_orders_sync is run [] []
[2020-04-05 15:28:03] main.INFO: Cron Job indexer_update_all_views is run [] []
[2020-04-05 15:28:03] main.INFO: Cron Job yotpo_yotpo_orders_sync is successfully finished. Statistics: {"sum":0.0038399696350098,"count":1,"realmem":0,"emalloc":321192,"realmem_start":50855936,"emalloc_start":46964472} [] []
[2020-04-05 15:28:03] main.INFO: Cron Job indexer_update_all_views is successfully finished. Statistics: {"sum":0.10650205612183,"count":1,"realmem":8388608,"emalloc":9341832,"realmem_start":50855936,"emalloc_start":47059352} [] []
[2020-04-05 15:29:02] main.INFO: Cron Job catalog_product_outdated_price_values_cleanup is run [] []
[2020-04-05 15:29:02] main.INFO: Cron Job catalog_product_outdated_price_values_cleanup is successfully finished. Statistics: {"sum":0.0010418891906738,"count":1,"realmem":0,"emalloc":20040,"realmem_start":50855936,"emalloc_start":47229472} [] []
[2020-04-05 15:29:02] main.INFO: Cron Job catalog_product_frontend_actions_flush is run [] []
[2020-04-05 15:29:02] main.INFO: Cron Job catalog_product_frontend_actions_flush is successfully finished. Statistics: {"sum":0.0011870861053467,"count":1,"realmem":0,"emalloc":1128,"realmem_start":50855936,"emalloc_start":47281592} [] []
[2020-04-05 15:29:02] main.INFO: Cron Job sales_grid_order_async_insert is run [] []
[2020-04-05 15:29:02] main.INFO: Cron Job sales_grid_order_async_insert is successfully finished. Statistics: {"sum":0.000640869140625,"count":1,"realmem":0,"emalloc":752,"realmem_start":50855936,"emalloc_start":47394008} [] []
[2020-04-05 15:29:02] main.INFO: Cron Job sales_grid_order_invoice_async_insert is run [] []
[2020-04-05 15:29:02] main.INFO: Cron Job sales_grid_order_invoice_async_insert is successfully finished. Statistics: {"sum":0.00069999694824219,"count":1,"realmem":0,"emalloc":752,"realmem_start":50855936,"emalloc_start":47397520} [] []
[2020-04-05 15:29:02] main.INFO: Cron Job sales_grid_order_shipment_async_insert is run [] []
[2020-04-05 15:29:02] main.INFO: Cron Job sales_grid_order_shipment_async_insert is successfully finished. Statistics: {"sum":0.00081014633178711,"count":1,"realmem":0,"emalloc":752,"realmem_start":50855936,"emalloc_start":47400392} [] []
[2020-04-05 15:29:02] main.INFO: Cron Job sales_grid_order_creditmemo_async_insert is run [] []
[2020-04-05 15:29:02] main.INFO: Cron Job sales_grid_order_creditmemo_async_insert is successfully finished. Statistics: {"sum":0.00060701370239258,"count":1,"realmem":0,"emalloc":752,"realmem_start":50855936,"emalloc_start":47403264} [] []
[2020-04-05 15:29:02] main.INFO: Cron Job sales_send_order_emails is run [] []
[2020-04-05 15:29:02] main.INFO: Cron Job sales_send_order_emails is successfully finished. Statistics: {"sum":0.0007178783416748,"count":1,"realmem":0,"emalloc":720,"realmem_start":52953088,"emalloc_start":50607816} [] []
[2020-04-05 15:29:02] main.INFO: Cron Job sales_send_order_invoice_emails is run [] []
[2020-04-05 15:29:02] main.INFO: Cron Job sales_send_order_invoice_emails is successfully finished. Statistics: {"sum":0.00084090232849121,"count":1,"realmem":0,"emalloc":752,"realmem_start":52953088,"emalloc_start":50969472} [] []
[2020-04-05 15:29:02] main.INFO: Cron Job sales_send_order_shipment_emails is run [] []
[2020-04-05 15:29:02] main.INFO: Cron Job sales_send_order_shipment_emails is successfully finished. Statistics: {"sum":0.00076007843017578,"count":1,"realmem":0,"emalloc":752,"realmem_start":55050240,"emalloc_start":51314688} [] []
[2020-04-05 15:29:02] main.INFO: Cron Job sales_send_order_creditmemo_emails is run [] []
[2020-04-05 15:29:02] main.INFO: Cron Job sales_send_order_creditmemo_emails is successfully finished. Statistics: {"sum":0.00055599212646484,"count":1,"realmem":0,"emalloc":752,"realmem_start":55050240,"emalloc_start":51663384} [] []
[2020-04-05 15:29:02] main.INFO: Cron Job outdated_authentication_failures_cleanup is run [] []
[2020-04-05 15:29:02] main.INFO: Cron Job outdated_authentication_failures_cleanup is successfully finished. Statistics: {"sum":0.0010049343109131,"count":1,"realmem":0,"emalloc":1128,"realmem_start":55050240,"emalloc_start":51708216} [] []
[2020-04-05 15:29:02] main.INFO: Cron Job bulk_cleanup is run [] []
[2020-04-05 15:29:02] main.INFO: Cron Job bulk_cleanup is successfully finished. Statistics: {"sum":0.00094294548034668,"count":1,"realmem":0,"emalloc":5424,"realmem_start":55050240,"emalloc_start":51723304} [] []
[2020-04-05 15:29:03] main.INFO: Cron Job indexer_reindex_all_invalid is run [] []
[2020-04-05 15:29:03] main.INFO: Cron Job indexer_reindex_all_invalid is successfully finished. Statistics: {"sum":0.025576829910278,"count":1,"realmem":0,"emalloc":457232,"realmem_start":50855936,"emalloc_start":46792640} [] []
[2020-04-05 15:29:03] main.INFO: Cron Job indexer_update_all_views is run [] []
[2020-04-05 15:29:03] main.INFO: Cron Job consumers_runner is run [] []
[2020-04-05 15:29:03] main.INFO: Consumer "async.operations.all" skipped as required connection "amqp" is not configured. Unknown connection name amqp [] []
[2020-04-05 15:29:03] main.INFO: Cron Job consumers_runner is successfully finished. Statistics: {"sum":0.002432107925415,"count":1,"realmem":0,"emalloc":20640,"realmem_start":50855936,"emalloc_start":47196776} [] []
[2020-04-05 15:29:04] main.INFO: Cron Job yotpo_yotpo_orders_sync is run [] []
[2020-04-05 15:29:04] main.INFO: Cron Job yotpo_yotpo_orders_sync is successfully finished. Statistics: {"sum":0.0047309398651123,"count":1,"realmem":2097152,"emalloc":321192,"realmem_start":50855936,"emalloc_start":46965768} [] []
[2020-04-05 15:29:04] main.INFO: Cron Job indexer_update_all_views is successfully finished. Statistics: {"sum":0.32332420349121,"count":1,"realmem":8388608,"emalloc":9342152,"realmem_start":50855936,"emalloc_start":47252912} [] []
[2020-04-05 15:30:02] main.INFO: Cron Job catalog_product_outdated_price_values_cleanup is run [] []
[2020-04-05 15:30:02] main.INFO: Cron Job catalog_product_outdated_price_values_cleanup is successfully finished. Statistics: {"sum":0.0015370845794678,"count":1,"realmem":0,"emalloc":85576,"realmem_start":50855936,"emalloc_start":46845224} [] []
[2020-04-05 15:30:02] main.INFO: Cron Job catalog_product_frontend_actions_flush is run [] []
[2020-04-05 15:30:02] main.INFO: Cron Job catalog_product_frontend_actions_flush is successfully finished. Statistics: {"sum":0.0015859603881836,"count":1,"realmem":0,"emalloc":1128,"realmem_start":50855936,"emalloc_start":46962880} [] []
[2020-04-05 15:30:02] main.INFO: Cron Job catalog_product_attribute_value_synchronize is run [] []
[2020-04-05 15:30:02] main.INFO: Cron Job catalog_product_attribute_value_synchronize is successfully finished. Statistics: {"sum":0.0016429424285889,"count":1,"realmem":0,"emalloc":24528,"realmem_start":50855936,"emalloc_start":47188568} [] []
[2020-04-05 15:30:02] main.INFO: Cron Job sales_grid_order_async_insert is run [] []
[2020-04-05 15:30:02] main.INFO: Cron Job sales_grid_order_async_insert is successfully finished. Statistics: {"sum":0.00078105926513672,"count":1,"realmem":0,"emalloc":752,"realmem_start":50855936,"emalloc_start":47324408} [] []
[2020-04-05 15:30:02] main.INFO: Cron Job sales_grid_order_invoice_async_insert is run [] []
[2020-04-05 15:30:02] main.INFO: Cron Job sales_grid_order_invoice_async_insert is successfully finished. Statistics: {"sum":0.000885009765625,"count":1,"realmem":0,"emalloc":752,"realmem_start":50855936,"emalloc_start":47327920} [] []
[2020-04-05 15:30:02] main.INFO: Cron Job sales_grid_order_shipment_async_insert is run [] []
[2020-04-05 15:30:02] main.INFO: Cron Job sales_grid_order_shipment_async_insert is successfully finished. Statistics: {"sum":0.00072908401489258,"count":1,"realmem":0,"emalloc":752,"realmem_start":50855936,"emalloc_start":47330792} [] []
[2020-04-05 15:30:02] main.INFO: Cron Job sales_grid_order_creditmemo_async_insert is run [] []
[2020-04-05 15:30:02] main.INFO: Cron Job sales_grid_order_creditmemo_async_insert is successfully finished. Statistics: {"sum":0.00089693069458008,"count":1,"realmem":0,"emalloc":752,"realmem_start":50855936,"emalloc_start":47333664} [] []
[2020-04-05 15:30:02] main.INFO: Cron Job sales_send_order_emails is run [] []
[2020-04-05 15:30:02] main.INFO: Cron Job sales_send_order_emails is successfully finished. Statistics: {"sum":0.0009009838104248,"count":1,"realmem":0,"emalloc":720,"realmem_start":52953088,"emalloc_start":50538216} [] []
[2020-04-05 15:30:02] main.INFO: Cron Job sales_send_order_invoice_emails is run [] []
[2020-04-05 15:30:02] main.INFO: Cron Job sales_send_order_invoice_emails is successfully finished. Statistics: {"sum":0.00088787078857422,"count":1,"realmem":0,"emalloc":752,"realmem_start":52953088,"emalloc_start":50899872} [] []
[2020-04-05 15:30:02] main.INFO: Cron Job sales_send_order_shipment_emails is run [] []
[2020-04-05 15:30:02] main.INFO: Cron Job sales_send_order_shipment_emails is successfully finished. Statistics: {"sum":0.0009000301361084,"count":1,"realmem":2097152,"emalloc":752,"realmem_start":52953088,"emalloc_start":51220832} [] []
[2020-04-05 15:30:02] main.INFO: Cron Job sales_send_order_creditmemo_emails is run [] []
[2020-04-05 15:30:02] main.INFO: Cron Job sales_send_order_creditmemo_emails is successfully finished. Statistics: {"sum":0.00084495544433594,"count":1,"realmem":0,"emalloc":752,"realmem_start":55050240,"emalloc_start":51614264} [] []
[2020-04-05 15:30:02] main.INFO: Cron Job captcha_delete_old_attempts is run [] []
[2020-04-05 15:30:02] main.INFO: Cron Job captcha_delete_old_attempts is successfully finished. Statistics: {"sum":0.011762142181396,"count":1,"realmem":0,"emalloc":26072,"realmem_start":55050240,"emalloc_start":51618336} [] []
[2020-04-05 15:30:02] main.INFO: Cron Job captcha_delete_expired_images is run [] []
[2020-04-05 15:30:02] main.INFO: Cron Job captcha_delete_expired_images is successfully finished. Statistics: {"sum":0.031355857849121,"count":1,"realmem":0,"emalloc":962616,"realmem_start":55050240,"emalloc_start":51685160} [] []
[2020-04-05 15:30:02] main.INFO: Cron Job outdated_authentication_failures_cleanup is run [] []
[2020-04-05 15:30:02] main.INFO: Cron Job outdated_authentication_failures_cleanup is successfully finished. Statistics: {"sum":0.0013461112976074,"count":1,"realmem":0,"emalloc":1128,"realmem_start":55050240,"emalloc_start":52675536} [] []
[2020-04-05 15:30:02] main.INFO: Cron Job bulk_cleanup is run [] []
[2020-04-05 15:30:02] main.INFO: Cron Job bulk_cleanup is successfully finished. Statistics: {"sum":0.0011730194091797,"count":1,"realmem":0,"emalloc":5424,"realmem_start":55050240,"emalloc_start":52684408} [] []
[2020-04-05 15:30:02] main.INFO: Cron Job magento_newrelicreporting_cron is run [] []
[2020-04-05 15:30:02] main.INFO: Cron Job magento_newrelicreporting_cron is successfully finished. Statistics: {"sum":0.00076603889465332,"count":1,"realmem":0,"emalloc":672,"realmem_start":57147392,"emalloc_start":54417504} [] []
[2020-04-05 15:30:02] main.INFO: Cron Job newsletter_send_all is run [] []
[2020-04-05 15:30:02] main.INFO: Cron Job newsletter_send_all is successfully finished. Statistics: {"sum":0.027314901351929,"count":1,"realmem":0,"emalloc":335752,"realmem_start":57147392,"emalloc_start":54426912} [] []
[2020-04-05 15:30:02] main.INFO: Cron Job get_amazon_capture_updates is run [] []
[2020-04-05 15:30:02] main.INFO: Cron Job get_amazon_capture_updates is successfully finished. Statistics: {"sum":0.0033900737762451,"count":1,"realmem":0,"emalloc":51728,"realmem_start":57147392,"emalloc_start":55548144} [] []
[2020-04-05 15:30:02] main.INFO: Cron Job get_amazon_authorization_updates is run [] []
[2020-04-05 15:30:02] main.INFO: Cron Job get_amazon_authorization_updates is successfully finished. Statistics: {"sum":0.0064330101013184,"count":1,"realmem":0,"emalloc":57952,"realmem_start":61341696,"emalloc_start":58666072} [] []
[2020-04-05 15:30:02] main.INFO: Cron Job amazon_payments_process_queued_refunds is run [] []
[2020-04-05 15:30:02] main.INFO: Cron Job amazon_payments_process_queued_refunds is successfully finished. Statistics: {"sum":0.0065441131591797,"count":1,"realmem":0,"emalloc":188248,"realmem_start":61341696,"emalloc_start":58739576} [] []
[2020-04-05 15:30:02] main.INFO: Cron Job temando_process_platform_events is run [] []
[2020-04-05 15:30:02] main.INFO: Cron Job temando_process_platform_events is successfully finished. Statistics: {"sum":0.0010080337524414,"count":1,"realmem":0,"emalloc":752,"realmem_start":63438848,"emalloc_start":60444456} [] []
[2020-04-05 15:30:03] main.INFO: Cron Job scconnector_retrieve_gtag is run [] []
[2020-04-05 15:30:03] main.INFO: Cron Job scconnector_retrieve_gtag is successfully finished. Statistics: {"sum":0.002284049987793,"count":1,"realmem":0,"emalloc":161560,"realmem_start":50855936,"emalloc_start":47110504} [] []
[2020-04-05 15:30:03] main.INFO: Cron Job scconnector_verify_website is run [] []
[2020-04-05 15:30:03] main.INFO: Cron Job scconnector_verify_website is successfully finished. Statistics: {"sum":0.00078511238098145,"count":1,"realmem":0,"emalloc":752,"realmem_start":50855936,"emalloc_start":47300512} [] []
[2020-04-05 15:30:03] main.INFO: Cron Job yotpo_yotpo_orders_sync is run [] []
[2020-04-05 15:30:03] main.INFO: Cron Job yotpo_yotpo_orders_sync is successfully finished. Statistics: {"sum":0.0034339427947998,"count":1,"realmem":2097152,"emalloc":321192,"realmem_start":50855936,"emalloc_start":46965768} [] []
[2020-04-05 15:30:03] main.INFO: Cron Job indexer_reindex_all_invalid is run [] []
[2020-04-05 15:30:03] main.INFO: Cron Job indexer_reindex_all_invalid is successfully finished. Statistics: {"sum":0.020219087600708,"count":1,"realmem":0,"emalloc":555536,"realmem_start":50855936,"emalloc_start":46503840} [] []
[2020-04-05 15:30:03] main.INFO: Cron Job consumers_runner is run [] []
[2020-04-05 15:30:03] main.INFO: Consumer "async.operations.all" skipped as required connection "amqp" is not configured. Unknown connection name amqp [] []
[2020-04-05 15:30:03] main.INFO: Cron Job consumers_runner is successfully finished. Statistics: {"sum":0.0022239685058594,"count":1,"realmem":0,"emalloc":20640,"realmem_start":50855936,"emalloc_start":47005168} [] []
[2020-04-05 15:30:03] main.INFO: Cron Job indexer_update_all_views is run [] []
[2020-04-05 15:30:04] main.INFO: Cron Job ddg_automation_abandonedcarts is run [] []
[2020-04-05 15:30:04] main.INFO: Cron Job ddg_automation_abandonedcarts is successfully finished. Statistics: {"sum":0.0081360340118408,"count":1,"realmem":0,"emalloc":635328,"realmem_start":59244544,"emalloc_start":55929024} [] []
[2020-04-05 15:30:04] main.INFO: Cron Job ddg_automation_campaign is run [] []
[2020-04-05 15:30:04] main.INFO: Cron Job ddg_automation_campaign is successfully finished. Statistics: {"sum":0.009972095489502,"count":1,"realmem":0,"emalloc":493464,"realmem_start":59244544,"emalloc_start":56564816} [] []
[2020-04-05 15:30:04] main.INFO: Cron Job ddg_automation_catalog_sync is run [] []
[2020-04-05 15:30:04] main.INFO: Cron Job ddg_automation_catalog_sync is successfully finished. Statistics: {"sum":0.0055201053619385,"count":1,"realmem":0,"emalloc":627136,"realmem_start":59244544,"emalloc_start":57057952} [] []
[2020-04-05 15:30:04] main.INFO: Cron Job ddg_automation_customer_subscriber_guest_sync is run [] []
[2020-04-05 15:30:04] main.INFO: Cron Job ddg_automation_customer_subscriber_guest_sync is successfully finished. Statistics: {"sum":0.0045521259307861,"count":1,"realmem":0,"emalloc":228024,"realmem_start":59244544,"emalloc_start":57684776} [] []
[2020-04-05 15:30:04] main.INFO: Cron Job indexer_update_all_views is successfully finished. Statistics: {"sum":0.10694694519043,"count":1,"realmem":8388608,"emalloc":9342152,"realmem_start":50855936,"emalloc_start":47062416} [] []
[2020-04-05 15:30:04] main.INFO: Cron Job ddg_automation_importer is run [] []
[2020-04-05 15:30:04] main.INFO: Cron Job ddg_automation_importer is successfully finished. Statistics: {"sum":0.0052800178527832,"count":1,"realmem":0,"emalloc":113088,"realmem_start":59244544,"emalloc_start":57912520} [] []
[2020-04-05 15:30:04] main.INFO: Cron Job ddg_automation_order_sync is run [] []
[2020-04-05 15:30:04] main.INFO: Cron Job ddg_automation_order_sync is successfully finished. Statistics: {"sum":0.016745090484619,"count":1,"realmem":2097152,"emalloc":1841624,"realmem_start":59244544,"emalloc_start":58025328} [] []
[2020-04-05 15:30:04] main.INFO: Cron Job ddg_automation_reviews_and_wishlist is run [] []
[2020-04-05 15:30:04] main.INFO: Cron Job ddg_automation_reviews_and_wishlist is successfully finished. Statistics: {"sum":0.0035340785980225,"count":1,"realmem":0,"emalloc":137576,"realmem_start":61341696,"emalloc_start":59866624} [] []
[2020-04-05 15:30:04] main.INFO: Cron Job ddg_automation_status is run [] []
[2020-04-05 15:30:04] main.INFO: Cron Job ddg_automation_status is successfully finished. Statistics: {"sum":0.0049371719360352,"count":1,"realmem":0,"emalloc":131336,"realmem_start":61341696,"emalloc_start":60003920} [] []
[2020-04-05 15:31:01] main.INFO: Cron Job catalog_product_outdated_price_values_cleanup is run [] []
[2020-04-05 15:31:01] main.INFO: Cron Job catalog_product_outdated_price_values_cleanup is successfully finished. Statistics: {"sum":0.0009160041809082,"count":1,"realmem":0,"emalloc":85576,"realmem_start":50855936,"emalloc_start":46821584} [] []
[2020-04-05 15:31:01] main.INFO: Cron Job catalog_product_frontend_actions_flush is run [] []
[2020-04-05 15:31:01] main.INFO: Cron Job catalog_product_frontend_actions_flush is successfully finished. Statistics: {"sum":0.0091049671173096,"count":1,"realmem":0,"emalloc":1128,"realmem_start":50855936,"emalloc_start":46939240} [] []
[2020-04-05 15:31:01] main.INFO: Cron Job sales_grid_order_async_insert is run [] []
[2020-04-05 15:31:01] main.INFO: Cron Job sales_grid_order_async_insert is successfully finished. Statistics: {"sum":0.00055193901062012,"count":1,"realmem":0,"emalloc":752,"realmem_start":50855936,"emalloc_start":47215496} [] []
[2020-04-05 15:31:01] main.INFO: Cron Job sales_grid_order_invoice_async_insert is run [] []
[2020-04-05 15:31:01] main.INFO: Cron Job sales_grid_order_invoice_async_insert is successfully finished. Statistics: {"sum":0.00049901008605957,"count":1,"realmem":0,"emalloc":752,"realmem_start":50855936,"emalloc_start":47219008} [] []
[2020-04-05 15:31:01] main.INFO: Cron Job sales_grid_order_shipment_async_insert is run [] []
[2020-04-05 15:31:01] main.INFO: Cron Job sales_grid_order_shipment_async_insert is successfully finished. Statistics: {"sum":0.00043988227844238,"count":1,"realmem":0,"emalloc":752,"realmem_start":50855936,"emalloc_start":47221880} [] []
[2020-04-05 15:31:01] main.INFO: Cron Job sales_grid_order_creditmemo_async_insert is run [] []
[2020-04-05 15:31:01] main.INFO: Cron Job sales_grid_order_creditmemo_async_insert is successfully finished. Statistics: {"sum":0.00041890144348145,"count":1,"realmem":0,"emalloc":752,"realmem_start":50855936,"emalloc_start":47224752} [] []
[2020-04-05 15:31:01] main.INFO: Cron Job sales_send_order_emails is run [] []
[2020-04-05 15:31:01] main.INFO: Cron Job sales_send_order_emails is successfully finished. Statistics: {"sum":0.00061702728271484,"count":1,"realmem":0,"emalloc":720,"realmem_start":52953088,"emalloc_start":50363768} [] []
[2020-04-05 15:31:01] main.INFO: Cron Job sales_send_order_invoice_emails is run [] []
[2020-04-05 15:31:01] main.INFO: Cron Job sales_send_order_invoice_emails is successfully finished. Statistics: {"sum":0.00046586990356445,"count":1,"realmem":0,"emalloc":752,"realmem_start":52953088,"emalloc_start":50725424} [] []
[2020-04-05 15:31:01] main.INFO: Cron Job sales_send_order_shipment_emails is run [] []
[2020-04-05 15:31:01] main.INFO: Cron Job sales_send_order_shipment_emails is successfully finished. Statistics: {"sum":0.00052809715270996,"count":1,"realmem":0,"emalloc":752,"realmem_start":52953088,"emalloc_start":51070640} [] []
[2020-04-05 15:31:01] main.INFO: Cron Job sales_send_order_creditmemo_emails is run [] []
[2020-04-05 15:31:01] main.INFO: Cron Job sales_send_order_creditmemo_emails is successfully finished. Statistics: {"sum":0.00049495697021484,"count":1,"realmem":0,"emalloc":752,"realmem_start":55050240,"emalloc_start":51419336} [] []
[2020-04-05 15:31:01] main.INFO: Cron Job outdated_authentication_failures_cleanup is run [] []
[2020-04-05 15:31:01] main.INFO: Cron Job outdated_authentication_failures_cleanup is successfully finished. Statistics: {"sum":0.00069999694824219,"count":1,"realmem":0,"emalloc":1128,"realmem_start":55050240,"emalloc_start":51464168} [] []
[2020-04-05 15:31:01] main.INFO: Cron Job bulk_cleanup is run [] []
[2020-04-05 15:31:02] main.INFO: Cron Job bulk_cleanup is successfully finished. Statistics: {"sum":0.0053150653839111,"count":1,"realmem":0,"emalloc":5424,"realmem_start":55050240,"emalloc_start":51479256} [] []
[2020-04-05 15:31:03] main.INFO: Cron Job yotpo_yotpo_orders_sync is run [] []
[2020-04-05 15:31:03] main.INFO: Cron Job yotpo_yotpo_orders_sync is successfully finished. Statistics: {"sum":0.0032448768615723,"count":1,"realmem":2097152,"emalloc":321192,"realmem_start":50855936,"emalloc_start":46965768} [] []
[2020-04-05 15:31:03] main.INFO: Cron Job consumers_runner is run [] []
[2020-04-05 15:31:03] main.INFO: Cron Job indexer_reindex_all_invalid is run [] []
[2020-04-05 15:31:03] main.INFO: Consumer "async.operations.all" skipped as required connection "amqp" is not configured. Unknown connection name amqp [] []
[2020-04-05 15:31:03] main.INFO: Cron Job consumers_runner is successfully finished. Statistics: {"sum":0.0018401145935059,"count":1,"realmem":0,"emalloc":20640,"realmem_start":50855936,"emalloc_start":47004056} [] []
[2020-04-05 15:31:03] main.INFO: Cron Job indexer_reindex_all_invalid is successfully finished. Statistics: {"sum":0.0083000659942627,"count":1,"realmem":0,"emalloc":457232,"realmem_start":50855936,"emalloc_start":46792640} [] []
[2020-04-05 15:31:03] main.INFO: Cron Job indexer_update_all_views is run [] []
[2020-04-05 15:31:03] main.INFO: Cron Job indexer_update_all_views is successfully finished. Statistics: {"sum":0.099401950836182,"count":1,"realmem":8388608,"emalloc":9342152,"realmem_start":50855936,"emalloc_start":47252912} [] []
[2020-04-05 15:32:02] main.DEBUG: cache_invalidate:  {"method":"GET","url":"http:/","invalidateInfo":{"identifier":"interception"}} []
[2020-04-05 15:32:03] main.DEBUG: cache_invalidate:  {"method":"GET","url":"http:/","invalidateInfo":{"identifier":"interception"}} []
[2020-04-05 15:32:05] main.DEBUG: cache_invalidate:  {"method":"GET","url":"http:/","invalidateInfo":{"identifier":"LOCKED_RECORD_INFO_SYSTEM_CONFIG"}} []
[2020-04-05 15:32:05] main.INFO: 0 cron jobs were cleaned [] []
[2020-04-05 15:32:05] main.INFO: Cron Job catalog_product_outdated_price_values_cleanup is run [] []
[2020-04-05 15:32:05] main.INFO: Cron Job catalog_product_outdated_price_values_cleanup is successfully finished. Statistics: {"sum":0.00060200691223145,"count":1,"realmem":0,"emalloc":704,"realmem_start":84934656,"emalloc_start":79606336} [] []
[2020-04-05 15:32:05] main.INFO: Cron Job catalog_product_frontend_actions_flush is run [] []
[2020-04-05 15:32:05] main.INFO: Cron Job catalog_product_frontend_actions_flush is successfully finished. Statistics: {"sum":0.0070860385894775,"count":1,"realmem":0,"emalloc":1128,"realmem_start":84934656,"emalloc_start":79634784} [] []
[2020-04-05 15:32:05] main.INFO: Cron Job sales_grid_order_async_insert is run [] []
[2020-04-05 15:32:05] main.INFO: Cron Job sales_grid_order_async_insert is successfully finished. Statistics: {"sum":0.00052714347839355,"count":1,"realmem":0,"emalloc":752,"realmem_start":84934656,"emalloc_start":79686936} [] []
[2020-04-05 15:32:05] main.INFO: Cron Job sales_grid_order_invoice_async_insert is run [] []
[2020-04-05 15:32:05] main.INFO: Cron Job sales_grid_order_invoice_async_insert is successfully finished. Statistics: {"sum":0.00044608116149902,"count":1,"realmem":0,"emalloc":752,"realmem_start":84934656,"emalloc_start":79690448} [] []
[2020-04-05 15:32:05] main.INFO: Cron Job sales_grid_order_shipment_async_insert is run [] []
[2020-04-05 15:32:05] main.INFO: Cron Job sales_grid_order_shipment_async_insert is successfully finished. Statistics: {"sum":0.0004420280456543,"count":1,"realmem":0,"emalloc":752,"realmem_start":84934656,"emalloc_start":79693320} [] []
[2020-04-05 15:32:05] main.INFO: Cron Job sales_grid_order_creditmemo_async_insert is run [] []
[2020-04-05 15:32:05] main.INFO: Cron Job sales_grid_order_creditmemo_async_insert is successfully finished. Statistics: {"sum":0.00051212310791016,"count":1,"realmem":0,"emalloc":752,"realmem_start":84934656,"emalloc_start":79696192} [] []
[2020-04-05 15:32:06] main.INFO: Cron Job sales_send_order_emails is run [] []
[2020-04-05 15:32:06] main.INFO: Cron Job sales_send_order_emails is successfully finished. Statistics: {"sum":0.00057816505432129,"count":1,"realmem":0,"emalloc":832,"realmem_start":87031808,"emalloc_start":83211800} [] []
[2020-04-05 15:32:06] main.INFO: Cron Job sales_send_order_invoice_emails is run [] []
[2020-04-05 15:32:06] main.INFO: Cron Job sales_send_order_invoice_emails is successfully finished. Statistics: {"sum":0.00052309036254883,"count":1,"realmem":0,"emalloc":752,"realmem_start":87031808,"emalloc_start":83582296} [] []
[2020-04-05 15:32:06] main.INFO: Cron Job sales_send_order_shipment_emails is run [] []
[2020-04-05 15:32:06] main.INFO: Cron Job sales_send_order_shipment_emails is successfully finished. Statistics: {"sum":0.00053310394287109,"count":1,"realmem":0,"emalloc":832,"realmem_start":87031808,"emalloc_start":83947992} [] []
[2020-04-05 15:32:06] main.INFO: Cron Job sales_send_order_creditmemo_emails is run [] []
[2020-04-05 15:32:06] main.INFO: Cron Job sales_send_order_creditmemo_emails is successfully finished. Statistics: {"sum":0.00043892860412598,"count":1,"realmem":0,"emalloc":752,"realmem_start":87031808,"emalloc_start":84264752} [] []
[2020-04-05 15:32:06] main.INFO: Cron Job outdated_authentication_failures_cleanup is run [] []
[2020-04-05 15:32:06] main.INFO: Cron Job outdated_authentication_failures_cleanup is successfully finished. Statistics: {"sum":0.00073909759521484,"count":1,"realmem":0,"emalloc":1128,"realmem_start":87031808,"emalloc_start":84289032} [] []
[2020-04-05 15:32:06] main.INFO: Cron Job bulk_cleanup is run [] []
[2020-04-05 15:32:06] main.INFO: Cron Job bulk_cleanup is successfully finished. Statistics: {"sum":0.00075197219848633,"count":1,"realmem":0,"emalloc":5424,"realmem_start":87031808,"emalloc_start":84304120} [] []
[2020-04-05 15:32:06] main.INFO: Cron Job magento_newrelicreporting_cron is run [] []
[2020-04-05 15:32:06] main.INFO: Cron Job magento_newrelicreporting_cron is successfully finished. Statistics: {"sum":0.00053215026855469,"count":1,"realmem":0,"emalloc":832,"realmem_start":89128960,"emalloc_start":85790656} [] []
[2020-04-05 15:32:07] main.INFO: 10 cron jobs were cleaned [] []
[2020-04-05 15:32:07] main.INFO: 5 cron jobs were cleaned [] []
[2020-04-05 15:32:07] main.INFO: Cron Job indexer_reindex_all_invalid is run [] []
[2020-04-05 15:32:07] main.INFO: Cron Job indexer_reindex_all_invalid is successfully finished. Statistics: {"sum":0.018126964569092,"count":1,"realmem":2097152,"emalloc":472696,"realmem_start":50855936,"emalloc_start":47214872} [] []
[2020-04-05 15:32:07] main.INFO: Cron Job yotpo_yotpo_orders_sync is run [] []
[2020-04-05 15:32:07] main.INFO: Cron Job indexer_update_all_views is run [] []
[2020-04-05 15:32:07] main.INFO: Cron Job yotpo_yotpo_orders_sync is successfully finished. Statistics: {"sum":0.13411688804626,"count":1,"realmem":2097152,"emalloc":449672,"realmem_start":50855936,"emalloc_start":47481080} [] []
[2020-04-05 15:32:07] main.INFO: Cron Job indexer_update_all_views is successfully finished. Statistics: {"sum":0.28747391700745,"count":1,"realmem":8388608,"emalloc":11977680,"realmem_start":52953088,"emalloc_start":47716272} [] []
[2020-04-05 15:32:07] main.INFO: Cron Job consumers_runner is run [] []
[2020-04-05 15:32:07] main.INFO: Consumer "async.operations.all" skipped as required connection "amqp" is not configured. Unknown connection name amqp [] []
[2020-04-05 15:32:07] main.INFO: Cron Job consumers_runner is successfully finished. Statistics: {"sum":0.0018270015716553,"count":1,"realmem":0,"emalloc":20696,"realmem_start":59244544,"emalloc_start":57085416} [] []
[2020-04-05 15:33:02] main.INFO: Cron Job catalog_product_outdated_price_values_cleanup is run [] []
[2020-04-05 15:33:02] main.INFO: Cron Job catalog_product_outdated_price_values_cleanup is successfully finished. Statistics: {"sum":0.00093317031860352,"count":1,"realmem":0,"emalloc":85576,"realmem_start":50855936,"emalloc_start":46882968} [] []
[2020-04-05 15:33:02] main.INFO: Cron Job catalog_product_frontend_actions_flush is run [] []
[2020-04-05 15:33:02] main.INFO: Cron Job catalog_product_frontend_actions_flush is successfully finished. Statistics: {"sum":0.0009758472442627,"count":1,"realmem":0,"emalloc":1128,"realmem_start":50855936,"emalloc_start":47000624} [] []
[2020-04-05 15:33:02] main.INFO: Cron Job sales_grid_order_async_insert is run [] []
[2020-04-05 15:33:02] main.INFO: Cron Job sales_grid_order_async_insert is successfully finished. Statistics: {"sum":0.00051689147949219,"count":1,"realmem":0,"emalloc":752,"realmem_start":50855936,"emalloc_start":47276880} [] []
[2020-04-05 15:33:02] main.INFO: Cron Job sales_grid_order_invoice_async_insert is run [] []
[2020-04-05 15:33:02] main.INFO: Cron Job sales_grid_order_invoice_async_insert is successfully finished. Statistics: {"sum":0.00052905082702637,"count":1,"realmem":0,"emalloc":752,"realmem_start":50855936,"emalloc_start":47280392} [] []
[2020-04-05 15:33:02] main.INFO: Cron Job sales_grid_order_shipment_async_insert is run [] []
[2020-04-05 15:33:02] main.INFO: Cron Job sales_grid_order_shipment_async_insert is successfully finished. Statistics: {"sum":0.00043201446533203,"count":1,"realmem":0,"emalloc":752,"realmem_start":50855936,"emalloc_start":47283264} [] []
[2020-04-05 15:33:02] main.INFO: Cron Job sales_grid_order_creditmemo_async_insert is run [] []
[2020-04-05 15:33:02] main.INFO: Cron Job sales_grid_order_creditmemo_async_insert is successfully finished. Statistics: {"sum":0.0004570484161377,"count":1,"realmem":0,"emalloc":752,"realmem_start":50855936,"emalloc_start":47286136} [] []
[2020-04-05 15:33:02] main.INFO: Cron Job sales_send_order_emails is run [] []
[2020-04-05 15:33:02] main.INFO: Cron Job sales_send_order_emails is successfully finished. Statistics: {"sum":0.00053095817565918,"count":1,"realmem":0,"emalloc":720,"realmem_start":52953088,"emalloc_start":50425152} [] []
[2020-04-05 15:33:02] main.INFO: Cron Job sales_send_order_invoice_emails is run [] []
[2020-04-05 15:33:02] main.INFO: Cron Job sales_send_order_invoice_emails is successfully finished. Statistics: {"sum":0.00044679641723633,"count":1,"realmem":0,"emalloc":752,"realmem_start":52953088,"emalloc_start":50786808} [] []
[2020-04-05 15:33:02] main.INFO: Cron Job sales_send_order_shipment_emails is run [] []
[2020-04-05 15:33:02] main.INFO: Cron Job sales_send_order_shipment_emails is successfully finished. Statistics: {"sum":0.0005190372467041,"count":1,"realmem":0,"emalloc":752,"realmem_start":52953088,"emalloc_start":51132024} [] []
[2020-04-05 15:33:02] main.INFO: Cron Job sales_send_order_creditmemo_emails is run [] []
[2020-04-05 15:33:02] main.INFO: Cron Job sales_send_order_creditmemo_emails is successfully finished. Statistics: {"sum":0.0005650520324707,"count":1,"realmem":0,"emalloc":752,"realmem_start":55050240,"emalloc_start":51480720} [] []
[2020-04-05 15:33:02] main.INFO: Cron Job outdated_authentication_failures_cleanup is run [] []
[2020-04-05 15:33:02] main.INFO: Cron Job outdated_authentication_failures_cleanup is successfully finished. Statistics: {"sum":0.0021040439605713,"count":1,"realmem":0,"emalloc":1128,"realmem_start":55050240,"emalloc_start":51525552} [] []
[2020-04-05 15:33:02] main.INFO: Cron Job bulk_cleanup is run [] []
[2020-04-05 15:33:02] main.INFO: Cron Job bulk_cleanup is successfully finished. Statistics: {"sum":0.00073599815368652,"count":1,"realmem":0,"emalloc":5424,"realmem_start":55050240,"emalloc_start":51540640} [] []
[2020-04-05 15:33:03] main.INFO: Cron Job indexer_reindex_all_invalid is run [] []
[2020-04-05 15:33:03] main.INFO: Cron Job indexer_reindex_all_invalid is successfully finished. Statistics: {"sum":0.024466991424561,"count":1,"realmem":0,"emalloc":555536,"realmem_start":50855936,"emalloc_start":46497320} [] []
[2020-04-05 15:33:03] main.INFO: Cron Job indexer_update_all_views is run [] []
[2020-04-05 15:33:03] main.INFO: Cron Job consumers_runner is run [] []
[2020-04-05 15:33:03] main.INFO: Consumer "async.operations.all" skipped as required connection "amqp" is not configured. Unknown connection name amqp [] []
[2020-04-05 15:33:03] main.INFO: Cron Job consumers_runner is successfully finished. Statistics: {"sum":0.0019090175628662,"count":1,"realmem":0,"emalloc":20640,"realmem_start":50855936,"emalloc_start":47194432} [] []
[2020-04-05 15:33:03] main.INFO: Cron Job indexer_update_all_views is successfully finished. Statistics: {"sum":0.18045401573181,"count":1,"realmem":8388608,"emalloc":9341832,"realmem_start":50855936,"emalloc_start":47055896} [] []
[2020-04-05 15:33:03] main.INFO: Cron Job yotpo_yotpo_orders_sync is run [] []
[2020-04-05 15:33:04] main.INFO: Cron Job yotpo_yotpo_orders_sync is successfully finished. Statistics: {"sum":0.004004955291748,"count":1,"realmem":0,"emalloc":321192,"realmem_start":50855936,"emalloc_start":46961016} [] []
[2020-04-05 15:34:01] main.INFO: Cron Job catalog_product_outdated_price_values_cleanup is run [] []
[2020-04-05 15:34:01] main.INFO: Cron Job catalog_product_outdated_price_values_cleanup is successfully finished. Statistics: {"sum":0.00095295906066895,"count":1,"realmem":0,"emalloc":20040,"realmem_start":50855936,"emalloc_start":46971032} [] []
[2020-04-05 15:34:01] main.INFO: Cron Job catalog_product_frontend_actions_flush is run [] []
[2020-04-05 15:34:01] main.INFO: Cron Job catalog_product_frontend_actions_flush is successfully finished. Statistics: {"sum":0.00096297264099121,"count":1,"realmem":0,"emalloc":1128,"realmem_start":50855936,"emalloc_start":47186992} [] []
[2020-04-05 15:34:01] main.INFO: Cron Job sales_grid_order_async_insert is run [] []
[2020-04-05 15:34:01] main.INFO: Cron Job sales_grid_order_async_insert is successfully finished. Statistics: {"sum":0.0004580020904541,"count":1,"realmem":0,"emalloc":752,"realmem_start":50855936,"emalloc_start":47299408} [] []
[2020-04-05 15:34:01] main.INFO: Cron Job sales_grid_order_invoice_async_insert is run [] []
[2020-04-05 15:34:01] main.INFO: Cron Job sales_grid_order_invoice_async_insert is successfully finished. Statistics: {"sum":0.00043892860412598,"count":1,"realmem":0,"emalloc":752,"realmem_start":50855936,"emalloc_start":47302920} [] []
[2020-04-05 15:34:01] main.INFO: Cron Job sales_grid_order_shipment_async_insert is run [] []
[2020-04-05 15:34:01] main.INFO: Cron Job sales_grid_order_shipment_async_insert is successfully finished. Statistics: {"sum":0.00053882598876953,"count":1,"realmem":0,"emalloc":752,"realmem_start":50855936,"emalloc_start":47305792} [] []
[2020-04-05 15:34:01] main.INFO: Cron Job sales_grid_order_creditmemo_async_insert is run [] []
[2020-04-05 15:34:01] main.INFO: Cron Job sales_grid_order_creditmemo_async_insert is successfully finished. Statistics: {"sum":0.00043892860412598,"count":1,"realmem":0,"emalloc":752,"realmem_start":50855936,"emalloc_start":47308664} [] []
[2020-04-05 15:34:02] main.INFO: Cron Job sales_send_order_emails is run [] []
[2020-04-05 15:34:02] main.INFO: Cron Job sales_send_order_emails is successfully finished. Statistics: {"sum":0.00053596496582031,"count":1,"realmem":0,"emalloc":720,"realmem_start":52953088,"emalloc_start":50447680} [] []
[2020-04-05 15:34:02] main.INFO: Cron Job sales_send_order_invoice_emails is run [] []
[2020-04-05 15:34:02] main.INFO: Cron Job sales_send_order_invoice_emails is successfully finished. Statistics: {"sum":0.0005040168762207,"count":1,"realmem":0,"emalloc":752,"realmem_start":52953088,"emalloc_start":50874872} [] []
[2020-04-05 15:34:02] main.INFO: Cron Job sales_send_order_shipment_emails is run [] []
[2020-04-05 15:34:02] main.INFO: Cron Job sales_send_order_shipment_emails is successfully finished. Statistics: {"sum":0.0005030632019043,"count":1,"realmem":0,"emalloc":752,"realmem_start":52953088,"emalloc_start":51154552} [] []
[2020-04-05 15:34:02] main.INFO: Cron Job sales_send_order_creditmemo_emails is run [] []
[2020-04-05 15:34:02] main.INFO: Cron Job sales_send_order_creditmemo_emails is successfully finished. Statistics: {"sum":0.00051188468933105,"count":1,"realmem":0,"emalloc":752,"realmem_start":55050240,"emalloc_start":51503248} [] []
[2020-04-05 15:34:02] main.INFO: Cron Job outdated_authentication_failures_cleanup is run [] []
[2020-04-05 15:34:02] main.INFO: Cron Job outdated_authentication_failures_cleanup is successfully finished. Statistics: {"sum":0.00069808959960938,"count":1,"realmem":0,"emalloc":1128,"realmem_start":55050240,"emalloc_start":51613616} [] []
[2020-04-05 15:34:02] main.INFO: Cron Job bulk_cleanup is run [] []
[2020-04-05 15:34:02] main.INFO: Cron Job bulk_cleanup is successfully finished. Statistics: {"sum":0.00087714195251465,"count":1,"realmem":0,"emalloc":5424,"realmem_start":55050240,"emalloc_start":51628704} [] []
[2020-04-05 15:34:02] main.INFO: Cron Job magento_newrelicreporting_cron is run [] []
[2020-04-05 15:34:02] main.INFO: Cron Job magento_newrelicreporting_cron is successfully finished. Statistics: {"sum":0.00053596496582031,"count":1,"realmem":0,"emalloc":672,"realmem_start":55050240,"emalloc_start":53298504} [] []
[2020-04-05 15:34:03] main.INFO: Cron Job indexer_reindex_all_invalid is run [] []
[2020-04-05 15:34:03] main.INFO: Cron Job indexer_reindex_all_invalid is successfully finished. Statistics: {"sum":0.018017053604126,"count":1,"realmem":0,"emalloc":555536,"realmem_start":50855936,"emalloc_start":46536440} [] []
[2020-04-05 15:34:03] main.INFO: Cron Job indexer_update_all_views is run [] []
[2020-04-05 15:34:03] main.INFO: Cron Job consumers_runner is run [] []
[2020-04-05 15:34:03] main.INFO: Consumer "async.operations.all" skipped as required connection "amqp" is not configured. Unknown connection name amqp [] []
[2020-04-05 15:34:03] main.INFO: Cron Job consumers_runner is successfully finished. Statistics: {"sum":0.0031619071960449,"count":1,"realmem":0,"emalloc":20640,"realmem_start":50855936,"emalloc_start":47038880} [] []
[2020-04-05 15:34:03] main.INFO: Cron Job yotpo_yotpo_orders_sync is run [] []
[2020-04-05 15:34:03] main.INFO: Cron Job yotpo_yotpo_orders_sync is successfully finished. Statistics: {"sum":0.0035350322723389,"count":1,"realmem":0,"emalloc":321192,"realmem_start":50855936,"emalloc_start":47189240} [] []
[2020-04-05 15:34:03] main.INFO: Cron Job indexer_update_all_views is successfully finished. Statistics: {"sum":0.14746999740601,"count":1,"realmem":8388608,"emalloc":9407688,"realmem_start":50855936,"emalloc_start":47095016} [] []
[2020-04-05 15:34:39] main.DEBUG: cache_invalidate:  {"method":"GET","url":"https://thenext.bearrunrun.com/about-porto-19","invalidateInfo":{"identifier":"interception"}} []
[2020-04-05 15:34:43] main.DEBUG: cache_invalidate:  {"method":"GET","url":"https://thenext.bearrunrun.com/about-porto-19","invalidateInfo":{"identifier":"LOCKED_RECORD_INFO_SYSTEM_CONFIG"}} []
[2020-04-05 15:34:44] main.DEBUG: cache_invalidate:  {"method":"GET","url":"https://thenext.bearrunrun.com/about-porto-19","invalidateInfo":{"identifier":"LOCKED_RECORD_INFO_BLOCK_fa29b7dbaa3f85be393abd6a03effbf9fc76e9d2"}} []
[2020-04-05 15:34:46] main.ERROR: variable @mobile-cart-padding is undefined in file /home/thenext/domains/thenext.bearrunrun.com/public_html/var/view_preprocessed/pub/static/frontend/Smartwave/porto/en_US/css/source/_extends.less in _extends.less on line 755, column 57
753| .abs-toggling-title {
754|     @abs-toggling-title();
755|     .lib-css(padding, @indent__s @indent__xl @indent__s @mobile-cart-padding);
756|     .lib-icon-font(
757|         @icon-down,
758|         @_icon-font-size: 12px, [] []
[2020-04-05 15:34:46] main.CRITICAL: variable @mobile-cart-padding is undefined in file /home/thenext/domains/thenext.bearrunrun.com/public_html/var/view_preprocessed/pub/static/frontend/Smartwave/porto/en_US/css/source/_extends.less in _extends.less on line 755, column 57
753| .abs-toggling-title {
754|     @abs-toggling-title();
755|     .lib-css(padding, @indent__s @indent__xl @indent__s @mobile-cart-padding);
756|     .lib-icon-font(
757|         @icon-down,
758|         @_icon-font-size: 12px, [] []
[2020-04-05 15:34:46] main.ERROR: variable @mobile-cart-padding is undefined in file /home/thenext/domains/thenext.bearrunrun.com/public_html/var/view_preprocessed/pub/static/frontend/Smartwave/porto/en_US/css/source/_extends.less in _extends.less on line 755, column 57
753| .abs-toggling-title {
754|     @abs-toggling-title();
755|     .lib-css(padding, @indent__s @indent__xl @indent__s @mobile-cart-padding);
756|     .lib-icon-font(
757|         @icon-down,
758|         @_icon-font-size: 12px, [] []
[2020-04-05 15:34:46] main.CRITICAL: variable @mobile-cart-padding is undefined in file /home/thenext/domains/thenext.bearrunrun.com/public_html/var/view_preprocessed/pub/static/frontend/Smartwave/porto/en_US/css/source/_extends.less in _extends.less on line 755, column 57
753| .abs-toggling-title {
754|     @abs-toggling-title();
755|     .lib-css(padding, @indent__s @indent__xl @indent__s @mobile-cart-padding);
756|     .lib-icon-font(
757|         @icon-down,
758|         @_icon-font-size: 12px, [] []
